run_idx,run_name,run_dir,control_file,dataset_file,status,message,runtime_sec
1,run001,test-sg-fit/simurg-projects/run001,test-sg-fit/simurg-projects/run001/run001.json,test-sg-fit/datasets/dataset_001.csv,skipped,Simurg results already present,NA
2,run002,test-sg-fit/simurg-projects/run002,test-sg-fit/simurg-projects/run002/run002.json,test-sg-fit/datasets/dataset_002.csv,skipped,Simurg results already present,NA
3,run003,test-sg-fit/simurg-projects/run003,test-sg-fit/simurg-projects/run003/run003.json,test-sg-fit/datasets/dataset_003.csv,skipped,Simurg results already present,NA
4,run004,test-sg-fit/simurg-projects/run004,test-sg-fit/simurg-projects/run004/run004.json,test-sg-fit/datasets/dataset_004.csv,skipped,Simurg results already present,NA
5,run005,test-sg-fit/simurg-projects/run005,test-sg-fit/simurg-projects/run005/run005.json,test-sg-fit/datasets/dataset_005.csv,skipped,Simurg results already present,NA
6,run006,test-sg-fit/simurg-projects/run006,test-sg-fit/simurg-projects/run006/run006.json,test-sg-fit/datasets/dataset_006.csv,skipped,Simurg results already present,NA
7,run007,test-sg-fit/simurg-projects/run007,test-sg-fit/simurg-projects/run007/run007.json,test-sg-fit/datasets/dataset_007.csv,skipped,Simurg results already present,NA
8,run008,test-sg-fit/simurg-projects/run008,test-sg-fit/simurg-projects/run008/run008.json,test-sg-fit/datasets/dataset_008.csv,skipped,Simurg results already present,NA
9,run009,test-sg-fit/simurg-projects/run009,test-sg-fit/simurg-projects/run009/run009.json,test-sg-fit/datasets/dataset_009.csv,skipped,Simurg results already present,NA
10,run010,test-sg-fit/simurg-projects/run010,test-sg-fit/simurg-projects/run010/run010.json,test-sg-fit/datasets/dataset_010.csv,skipped,Simurg results already present,NA
11,run011,test-sg-fit/simurg-projects/run011,test-sg-fit/simurg-projects/run011/run011.json,test-sg-fit/datasets/dataset_011.csv,completed,CyberneticCore fit finished,4.359999999999673
12,run012,test-sg-fit/simurg-projects/run012,test-sg-fit/simurg-projects/run012/run012.json,test-sg-fit/datasets/dataset_012.csv,completed,CyberneticCore fit finished,4.380000000000109
13,run013,test-sg-fit/simurg-projects/run013,test-sg-fit/simurg-projects/run013/run013.json,test-sg-fit/datasets/dataset_013.csv,completed,CyberneticCore fit finished,4.4099999999998545
14,run014,test-sg-fit/simurg-projects/run014,test-sg-fit/simurg-projects/run014/run014.json,test-sg-fit/datasets/dataset_014.csv,completed,CyberneticCore fit finished,4.390000000000327
15,run015,test-sg-fit/simurg-projects/run015,test-sg-fit/simurg-projects/run015/run015.json,test-sg-fit/datasets/dataset_015.csv,completed,CyberneticCore fit finished,4.399999999999636
16,run016,test-sg-fit/simurg-projects/run016,test-sg-fit/simurg-projects/run016/run016.json,test-sg-fit/datasets/dataset_016.csv,completed,CyberneticCore fit finished,4.450000000000728
17,run017,test-sg-fit/simurg-projects/run017,test-sg-fit/simurg-projects/run017/run017.json,test-sg-fit/datasets/dataset_017.csv,completed,CyberneticCore fit finished,4.4399999999996
18,run018,test-sg-fit/simurg-projects/run018,test-sg-fit/simurg-projects/run018/run018.json,test-sg-fit/datasets/dataset_018.csv,completed,CyberneticCore fit finished,4.359999999999673
19,run019,test-sg-fit/simurg-projects/run019,test-sg-fit/simurg-projects/run019/run019.json,test-sg-fit/datasets/dataset_019.csv,completed,CyberneticCore fit finished,4.440000000000509
20,run020,test-sg-fit/simurg-projects/run020,test-sg-fit/simurg-projects/run020/run020.json,test-sg-fit/datasets/dataset_020.csv,completed,CyberneticCore fit finished,4.390000000000327
21,run021,test-sg-fit/simurg-projects/run021,test-sg-fit/simurg-projects/run021/run021.json,test-sg-fit/datasets/dataset_021.csv,completed,CyberneticCore fit finished,4.389999999999418
22,run022,test-sg-fit/simurg-projects/run022,test-sg-fit/simurg-projects/run022/run022.json,test-sg-fit/datasets/dataset_022.csv,completed,CyberneticCore fit finished,4.670000000000073
23,run023,test-sg-fit/simurg-projects/run023,test-sg-fit/simurg-projects/run023/run023.json,test-sg-fit/datasets/dataset_023.csv,completed,CyberneticCore fit finished,4.399999999999636
24,run024,test-sg-fit/simurg-projects/run024,test-sg-fit/simurg-projects/run024/run024.json,test-sg-fit/datasets/dataset_024.csv,completed,CyberneticCore fit finished,4.319999999999709
25,run025,test-sg-fit/simurg-projects/run025,test-sg-fit/simurg-projects/run025/run025.json,test-sg-fit/datasets/dataset_025.csv,completed,CyberneticCore fit finished,4.3400000000001455
26,run026,test-sg-fit/simurg-projects/run026,test-sg-fit/simurg-projects/run026/run026.json,test-sg-fit/datasets/dataset_026.csv,completed,CyberneticCore fit finished,4.380000000000109
27,run027,test-sg-fit/simurg-projects/run027,test-sg-fit/simurg-projects/run027/run027.json,test-sg-fit/datasets/dataset_027.csv,completed,CyberneticCore fit finished,4.470000000000255
28,run028,test-sg-fit/simurg-projects/run028,test-sg-fit/simurg-projects/run028/run028.json,test-sg-fit/datasets/dataset_028.csv,completed,CyberneticCore fit finished,4.390000000000327
29,run029,test-sg-fit/simurg-projects/run029,test-sg-fit/simurg-projects/run029/run029.json,test-sg-fit/datasets/dataset_029.csv,completed,CyberneticCore fit finished,4.399999999999636
30,run030,test-sg-fit/simurg-projects/run030,test-sg-fit/simurg-projects/run030/run030.json,test-sg-fit/datasets/dataset_030.csv,completed,CyberneticCore fit finished,4.369999999999891
31,run031,test-sg-fit/simurg-projects/run031,test-sg-fit/simurg-projects/run031/run031.json,test-sg-fit/datasets/dataset_031.csv,completed,CyberneticCore fit finished,4.380000000000109
32,run032,test-sg-fit/simurg-projects/run032,test-sg-fit/simurg-projects/run032/run032.json,test-sg-fit/datasets/dataset_032.csv,completed,CyberneticCore fit finished,4.3400000000001455
33,run033,test-sg-fit/simurg-projects/run033,test-sg-fit/simurg-projects/run033/run033.json,test-sg-fit/datasets/dataset_033.csv,completed,CyberneticCore fit finished,4.270000000000437
34,run034,test-sg-fit/simurg-projects/run034,test-sg-fit/simurg-projects/run034/run034.json,test-sg-fit/datasets/dataset_034.csv,completed,CyberneticCore fit finished,4.539999999999964
35,run035,test-sg-fit/simurg-projects/run035,test-sg-fit/simurg-projects/run035/run035.json,test-sg-fit/datasets/dataset_035.csv,completed,CyberneticCore fit finished,4.359999999999673
36,run036,test-sg-fit/simurg-projects/run036,test-sg-fit/simurg-projects/run036/run036.json,test-sg-fit/datasets/dataset_036.csv,completed,CyberneticCore fit finished,4.289999999999964
37,run037,test-sg-fit/simurg-projects/run037,test-sg-fit/simurg-projects/run037/run037.json,test-sg-fit/datasets/dataset_037.csv,completed,CyberneticCore fit finished,4.349999999999454
38,run038,test-sg-fit/simurg-projects/run038,test-sg-fit/simurg-projects/run038/run038.json,test-sg-fit/datasets/dataset_038.csv,completed,CyberneticCore fit finished,4.299999999999272
39,run039,test-sg-fit/simurg-projects/run039,test-sg-fit/simurg-projects/run039/run039.json,test-sg-fit/datasets/dataset_039.csv,completed,CyberneticCore fit finished,4.339999999999236
40,run040,test-sg-fit/simurg-projects/run040,test-sg-fit/simurg-projects/run040/run040.json,test-sg-fit/datasets/dataset_040.csv,completed,CyberneticCore fit finished,4.239999999999782
41,run041,test-sg-fit/simurg-projects/run041,test-sg-fit/simurg-projects/run041/run041.json,test-sg-fit/datasets/dataset_041.csv,completed,CyberneticCore fit finished,4.279999999999745
42,run042,test-sg-fit/simurg-projects/run042,test-sg-fit/simurg-projects/run042/run042.json,test-sg-fit/datasets/dataset_042.csv,completed,CyberneticCore fit finished,4.3200000000006185
43,run043,test-sg-fit/simurg-projects/run043,test-sg-fit/simurg-projects/run043/run043.json,test-sg-fit/datasets/dataset_043.csv,completed,CyberneticCore fit finished,4.289999999999964
44,run044,test-sg-fit/simurg-projects/run044,test-sg-fit/simurg-projects/run044/run044.json,test-sg-fit/datasets/dataset_044.csv,completed,CyberneticCore fit finished,4.279999999999745
45,run045,test-sg-fit/simurg-projects/run045,test-sg-fit/simurg-projects/run045/run045.json,test-sg-fit/datasets/dataset_045.csv,completed,CyberneticCore fit finished,4.329999999999927
46,run046,test-sg-fit/simurg-projects/run046,test-sg-fit/simurg-projects/run046/run046.json,test-sg-fit/datasets/dataset_046.csv,completed,CyberneticCore fit finished,4.309999999999491
47,run047,test-sg-fit/simurg-projects/run047,test-sg-fit/simurg-projects/run047/run047.json,test-sg-fit/datasets/dataset_047.csv,completed,CyberneticCore fit finished,4.329999999999927
48,run048,test-sg-fit/simurg-projects/run048,test-sg-fit/simurg-projects/run048/run048.json,test-sg-fit/datasets/dataset_048.csv,completed,CyberneticCore fit finished,5.259999999999309
49,run049,test-sg-fit/simurg-projects/run049,test-sg-fit/simurg-projects/run049/run049.json,test-sg-fit/datasets/dataset_049.csv,completed,CyberneticCore fit finished,4.380000000000109
50,run050,test-sg-fit/simurg-projects/run050,test-sg-fit/simurg-projects/run050/run050.json,test-sg-fit/datasets/dataset_050.csv,completed,CyberneticCore fit finished,4.309999999999491
51,run051,test-sg-fit/simurg-projects/run051,test-sg-fit/simurg-projects/run051/run051.json,test-sg-fit/datasets/dataset_051.csv,completed,CyberneticCore fit finished,4.359999999999673
52,run052,test-sg-fit/simurg-projects/run052,test-sg-fit/simurg-projects/run052/run052.json,test-sg-fit/datasets/dataset_052.csv,completed,CyberneticCore fit finished,4.4099999999998545
53,run053,test-sg-fit/simurg-projects/run053,test-sg-fit/simurg-projects/run053/run053.json,test-sg-fit/datasets/dataset_053.csv,completed,CyberneticCore fit finished,5.220000000000255
54,run054,test-sg-fit/simurg-projects/run054,test-sg-fit/simurg-projects/run054/run054.json,test-sg-fit/datasets/dataset_054.csv,completed,CyberneticCore fit finished,4.420000000000073
55,run055,test-sg-fit/simurg-projects/run055,test-sg-fit/simurg-projects/run055/run055.json,test-sg-fit/datasets/dataset_055.csv,completed,CyberneticCore fit finished,4.4799999999995634
56,run056,test-sg-fit/simurg-projects/run056,test-sg-fit/simurg-projects/run056/run056.json,test-sg-fit/datasets/dataset_056.csv,completed,CyberneticCore fit finished,4.329999999999927
57,run057,test-sg-fit/simurg-projects/run057,test-sg-fit/simurg-projects/run057/run057.json,test-sg-fit/datasets/dataset_057.csv,completed,CyberneticCore fit finished,4.279999999999745
58,run058,test-sg-fit/simurg-projects/run058,test-sg-fit/simurg-projects/run058/run058.json,test-sg-fit/datasets/dataset_058.csv,completed,CyberneticCore fit finished,4.480000000000473
59,run059,test-sg-fit/simurg-projects/run059,test-sg-fit/simurg-projects/run059/run059.json,test-sg-fit/datasets/dataset_059.csv,completed,CyberneticCore fit finished,4.300000000000182
60,run060,test-sg-fit/simurg-projects/run060,test-sg-fit/simurg-projects/run060/run060.json,test-sg-fit/datasets/dataset_060.csv,completed,CyberneticCore fit finished,4.380000000000109
61,run061,test-sg-fit/simurg-projects/run061,test-sg-fit/simurg-projects/run061/run061.json,test-sg-fit/datasets/dataset_061.csv,completed,CyberneticCore fit finished,4.3100000000004
62,run062,test-sg-fit/simurg-projects/run062,test-sg-fit/simurg-projects/run062/run062.json,test-sg-fit/datasets/dataset_062.csv,completed,CyberneticCore fit finished,4.279999999999745
63,run063,test-sg-fit/simurg-projects/run063,test-sg-fit/simurg-projects/run063/run063.json,test-sg-fit/datasets/dataset_063.csv,completed,CyberneticCore fit finished,4.3400000000001455
64,run064,test-sg-fit/simurg-projects/run064,test-sg-fit/simurg-projects/run064/run064.json,test-sg-fit/datasets/dataset_064.csv,completed,CyberneticCore fit finished,4.399999999999636
65,run065,test-sg-fit/simurg-projects/run065,test-sg-fit/simurg-projects/run065/run065.json,test-sg-fit/datasets/dataset_065.csv,completed,CyberneticCore fit finished,4.289999999999964
66,run066,test-sg-fit/simurg-projects/run066,test-sg-fit/simurg-projects/run066/run066.json,test-sg-fit/datasets/dataset_066.csv,completed,CyberneticCore fit finished,4.389999999999418
67,run067,test-sg-fit/simurg-projects/run067,test-sg-fit/simurg-projects/run067/run067.json,test-sg-fit/datasets/dataset_067.csv,completed,CyberneticCore fit finished,4.349999999999454
68,run068,test-sg-fit/simurg-projects/run068,test-sg-fit/simurg-projects/run068/run068.json,test-sg-fit/datasets/dataset_068.csv,completed,CyberneticCore fit finished,4.259999999999309
69,run069,test-sg-fit/simurg-projects/run069,test-sg-fit/simurg-projects/run069/run069.json,test-sg-fit/datasets/dataset_069.csv,completed,CyberneticCore fit finished,4.270000000000437
70,run070,test-sg-fit/simurg-projects/run070,test-sg-fit/simurg-projects/run070/run070.json,test-sg-fit/datasets/dataset_070.csv,completed,CyberneticCore fit finished,4.25
71,run071,test-sg-fit/simurg-projects/run071,test-sg-fit/simurg-projects/run071/run071.json,test-sg-fit/datasets/dataset_071.csv,completed,CyberneticCore fit finished,4.289999999999964
72,run072,test-sg-fit/simurg-projects/run072,test-sg-fit/simurg-projects/run072/run072.json,test-sg-fit/datasets/dataset_072.csv,completed,CyberneticCore fit finished,4.270000000000437
73,run073,test-sg-fit/simurg-projects/run073,test-sg-fit/simurg-projects/run073/run073.json,test-sg-fit/datasets/dataset_073.csv,completed,CyberneticCore fit finished,4.3100000000004
74,run074,test-sg-fit/simurg-projects/run074,test-sg-fit/simurg-projects/run074/run074.json,test-sg-fit/datasets/dataset_074.csv,completed,CyberneticCore fit finished,4.359999999999673
75,run075,test-sg-fit/simurg-projects/run075,test-sg-fit/simurg-projects/run075/run075.json,test-sg-fit/datasets/dataset_075.csv,completed,CyberneticCore fit finished,4.420000000000073
76,run076,test-sg-fit/simurg-projects/run076,test-sg-fit/simurg-projects/run076/run076.json,test-sg-fit/datasets/dataset_076.csv,completed,CyberneticCore fit finished,4.330000000000837
77,run077,test-sg-fit/simurg-projects/run077,test-sg-fit/simurg-projects/run077/run077.json,test-sg-fit/datasets/dataset_077.csv,completed,CyberneticCore fit finished,4.389999999999418
78,run078,test-sg-fit/simurg-projects/run078,test-sg-fit/simurg-projects/run078/run078.json,test-sg-fit/datasets/dataset_078.csv,completed,CyberneticCore fit finished,4.369999999999891
79,run079,test-sg-fit/simurg-projects/run079,test-sg-fit/simurg-projects/run079/run079.json,test-sg-fit/datasets/dataset_079.csv,completed,CyberneticCore fit finished,4.220000000000255
80,run080,test-sg-fit/simurg-projects/run080,test-sg-fit/simurg-projects/run080/run080.json,test-sg-fit/datasets/dataset_080.csv,completed,CyberneticCore fit finished,4.260000000000218
81,run081,test-sg-fit/simurg-projects/run081,test-sg-fit/simurg-projects/run081/run081.json,test-sg-fit/datasets/dataset_081.csv,completed,CyberneticCore fit finished,4.350000000000364
82,run082,test-sg-fit/simurg-projects/run082,test-sg-fit/simurg-projects/run082/run082.json,test-sg-fit/datasets/dataset_082.csv,completed,CyberneticCore fit finished,4.390000000000327
83,run083,test-sg-fit/simurg-projects/run083,test-sg-fit/simurg-projects/run083/run083.json,test-sg-fit/datasets/dataset_083.csv,completed,CyberneticCore fit finished,4.279999999999745
84,run084,test-sg-fit/simurg-projects/run084,test-sg-fit/simurg-projects/run084/run084.json,test-sg-fit/datasets/dataset_084.csv,completed,CyberneticCore fit finished,4.389999999999418
85,run085,test-sg-fit/simurg-projects/run085,test-sg-fit/simurg-projects/run085/run085.json,test-sg-fit/datasets/dataset_085.csv,completed,CyberneticCore fit finished,4.350000000000364
86,run086,test-sg-fit/simurg-projects/run086,test-sg-fit/simurg-projects/run086/run086.json,test-sg-fit/datasets/dataset_086.csv,completed,CyberneticCore fit finished,4.369999999999891
87,run087,test-sg-fit/simurg-projects/run087,test-sg-fit/simurg-projects/run087/run087.json,test-sg-fit/datasets/dataset_087.csv,completed,CyberneticCore fit finished,4.329999999999927
88,run088,test-sg-fit/simurg-projects/run088,test-sg-fit/simurg-projects/run088/run088.json,test-sg-fit/datasets/dataset_088.csv,completed,CyberneticCore fit finished,4.329999999999927
89,run089,test-sg-fit/simurg-projects/run089,test-sg-fit/simurg-projects/run089/run089.json,test-sg-fit/datasets/dataset_089.csv,completed,CyberneticCore fit finished,4.300000000000182
90,run090,test-sg-fit/simurg-projects/run090,test-sg-fit/simurg-projects/run090/run090.json,test-sg-fit/datasets/dataset_090.csv,completed,CyberneticCore fit finished,4.399999999999636
91,run091,test-sg-fit/simurg-projects/run091,test-sg-fit/simurg-projects/run091/run091.json,test-sg-fit/datasets/dataset_091.csv,completed,CyberneticCore fit finished,4.339999999999236
92,run092,test-sg-fit/simurg-projects/run092,test-sg-fit/simurg-projects/run092/run092.json,test-sg-fit/datasets/dataset_092.csv,completed,CyberneticCore fit finished,4.4099999999998545
93,run093,test-sg-fit/simurg-projects/run093,test-sg-fit/simurg-projects/run093/run093.json,test-sg-fit/datasets/dataset_093.csv,completed,CyberneticCore fit finished,4.350000000000364
94,run094,test-sg-fit/simurg-projects/run094,test-sg-fit/simurg-projects/run094/run094.json,test-sg-fit/datasets/dataset_094.csv,completed,CyberneticCore fit finished,4.369999999999891
95,run095,test-sg-fit/simurg-projects/run095,test-sg-fit/simurg-projects/run095/run095.json,test-sg-fit/datasets/dataset_095.csv,completed,CyberneticCore fit finished,4.260000000000218
96,run096,test-sg-fit/simurg-projects/run096,test-sg-fit/simurg-projects/run096/run096.json,test-sg-fit/datasets/dataset_096.csv,completed,CyberneticCore fit finished,4.420000000000073
97,run097,test-sg-fit/simurg-projects/run097,test-sg-fit/simurg-projects/run097/run097.json,test-sg-fit/datasets/dataset_097.csv,completed,CyberneticCore fit finished,4.390000000000327
98,run098,test-sg-fit/simurg-projects/run098,test-sg-fit/simurg-projects/run098/run098.json,test-sg-fit/datasets/dataset_098.csv,completed,CyberneticCore fit finished,4.359999999999673
99,run099,test-sg-fit/simurg-projects/run099,test-sg-fit/simurg-projects/run099/run099.json,test-sg-fit/datasets/dataset_099.csv,completed,CyberneticCore fit finished,4.4099999999998545
100,run100,test-sg-fit/simurg-projects/run100,test-sg-fit/simurg-projects/run100/run100.json,test-sg-fit/datasets/dataset_100.csv,completed,CyberneticCore fit finished,4.359999999999673
101,run101,test-sg-fit/simurg-projects/run101,test-sg-fit/simurg-projects/run101/run101.json,test-sg-fit/datasets/dataset_101.csv,completed,CyberneticCore fit finished,4.460000000000036
102,run102,test-sg-fit/simurg-projects/run102,test-sg-fit/simurg-projects/run102/run102.json,test-sg-fit/datasets/dataset_102.csv,completed,CyberneticCore fit finished,4.4399999999996
103,run103,test-sg-fit/simurg-projects/run103,test-sg-fit/simurg-projects/run103/run103.json,test-sg-fit/datasets/dataset_103.csv,completed,CyberneticCore fit finished,4.309999999999491
104,run104,test-sg-fit/simurg-projects/run104,test-sg-fit/simurg-projects/run104/run104.json,test-sg-fit/datasets/dataset_104.csv,completed,CyberneticCore fit finished,4.410000000000764
105,run105,test-sg-fit/simurg-projects/run105,test-sg-fit/simurg-projects/run105/run105.json,test-sg-fit/datasets/dataset_105.csv,completed,CyberneticCore fit finished,4.470000000000255
106,run106,test-sg-fit/simurg-projects/run106,test-sg-fit/simurg-projects/run106/run106.json,test-sg-fit/datasets/dataset_106.csv,completed,CyberneticCore fit finished,4.460000000000036
107,run107,test-sg-fit/simurg-projects/run107,test-sg-fit/simurg-projects/run107/run107.json,test-sg-fit/datasets/dataset_107.csv,completed,CyberneticCore fit finished,4.3400000000001455
108,run108,test-sg-fit/simurg-projects/run108,test-sg-fit/simurg-projects/run108/run108.json,test-sg-fit/datasets/dataset_108.csv,completed,CyberneticCore fit finished,4.289999999999964
109,run109,test-sg-fit/simurg-projects/run109,test-sg-fit/simurg-projects/run109/run109.json,test-sg-fit/datasets/dataset_109.csv,completed,CyberneticCore fit finished,4.399999999999636
110,run110,test-sg-fit/simurg-projects/run110,test-sg-fit/simurg-projects/run110/run110.json,test-sg-fit/datasets/dataset_110.csv,completed,CyberneticCore fit finished,4.5
111,run111,test-sg-fit/simurg-projects/run111,test-sg-fit/simurg-projects/run111/run111.json,test-sg-fit/datasets/dataset_111.csv,completed,CyberneticCore fit finished,4.400000000000546
112,run112,test-sg-fit/simurg-projects/run112,test-sg-fit/simurg-projects/run112/run112.json,test-sg-fit/datasets/dataset_112.csv,completed,CyberneticCore fit finished,4.509999999999309
113,run113,test-sg-fit/simurg-projects/run113,test-sg-fit/simurg-projects/run113/run113.json,test-sg-fit/datasets/dataset_113.csv,completed,CyberneticCore fit finished,4.400000000000546
114,run114,test-sg-fit/simurg-projects/run114,test-sg-fit/simurg-projects/run114/run114.json,test-sg-fit/datasets/dataset_114.csv,completed,CyberneticCore fit finished,4.329999999999927
115,run115,test-sg-fit/simurg-projects/run115,test-sg-fit/simurg-projects/run115/run115.json,test-sg-fit/datasets/dataset_115.csv,completed,CyberneticCore fit finished,4.329999999999927
116,run116,test-sg-fit/simurg-projects/run116,test-sg-fit/simurg-projects/run116/run116.json,test-sg-fit/datasets/dataset_116.csv,completed,CyberneticCore fit finished,4.380000000000109
117,run117,test-sg-fit/simurg-projects/run117,test-sg-fit/simurg-projects/run117/run117.json,test-sg-fit/datasets/dataset_117.csv,completed,CyberneticCore fit finished,4.510000000000218
118,run118,test-sg-fit/simurg-projects/run118,test-sg-fit/simurg-projects/run118/run118.json,test-sg-fit/datasets/dataset_118.csv,completed,CyberneticCore fit finished,4.319999999999709
119,run119,test-sg-fit/simurg-projects/run119,test-sg-fit/simurg-projects/run119/run119.json,test-sg-fit/datasets/dataset_119.csv,completed,CyberneticCore fit finished,4.329999999999927
120,run120,test-sg-fit/simurg-projects/run120,test-sg-fit/simurg-projects/run120/run120.json,test-sg-fit/datasets/dataset_120.csv,completed,CyberneticCore fit finished,4.470000000000255
121,run121,test-sg-fit/simurg-projects/run121,test-sg-fit/simurg-projects/run121/run121.json,test-sg-fit/datasets/dataset_121.csv,completed,CyberneticCore fit finished,4.329999999999927
122,run122,test-sg-fit/simurg-projects/run122,test-sg-fit/simurg-projects/run122/run122.json,test-sg-fit/datasets/dataset_122.csv,completed,CyberneticCore fit finished,4.289999999999964
123,run123,test-sg-fit/simurg-projects/run123,test-sg-fit/simurg-projects/run123/run123.json,test-sg-fit/datasets/dataset_123.csv,completed,CyberneticCore fit finished,4.359999999999673
124,run124,test-sg-fit/simurg-projects/run124,test-sg-fit/simurg-projects/run124/run124.json,test-sg-fit/datasets/dataset_124.csv,completed,CyberneticCore fit finished,4.380000000000109
125,run125,test-sg-fit/simurg-projects/run125,test-sg-fit/simurg-projects/run125/run125.json,test-sg-fit/datasets/dataset_125.csv,completed,CyberneticCore fit finished,4.3400000000001455
126,run126,test-sg-fit/simurg-projects/run126,test-sg-fit/simurg-projects/run126/run126.json,test-sg-fit/datasets/dataset_126.csv,completed,CyberneticCore fit finished,4.259999999999309
127,run127,test-sg-fit/simurg-projects/run127,test-sg-fit/simurg-projects/run127/run127.json,test-sg-fit/datasets/dataset_127.csv,completed,CyberneticCore fit finished,4.520000000000437
128,run128,test-sg-fit/simurg-projects/run128,test-sg-fit/simurg-projects/run128/run128.json,test-sg-fit/datasets/dataset_128.csv,completed,CyberneticCore fit finished,4.399999999999636
129,run129,test-sg-fit/simurg-projects/run129,test-sg-fit/simurg-projects/run129/run129.json,test-sg-fit/datasets/dataset_129.csv,completed,CyberneticCore fit finished,4.539999999999964
130,run130,test-sg-fit/simurg-projects/run130,test-sg-fit/simurg-projects/run130/run130.json,test-sg-fit/datasets/dataset_130.csv,completed,CyberneticCore fit finished,4.410000000000764
131,run131,test-sg-fit/simurg-projects/run131,test-sg-fit/simurg-projects/run131/run131.json,test-sg-fit/datasets/dataset_131.csv,completed,CyberneticCore fit finished,4.489999999999782
132,run132,test-sg-fit/simurg-projects/run132,test-sg-fit/simurg-projects/run132/run132.json,test-sg-fit/datasets/dataset_132.csv,completed,CyberneticCore fit finished,4.220000000000255
133,run133,test-sg-fit/simurg-projects/run133,test-sg-fit/simurg-projects/run133/run133.json,test-sg-fit/datasets/dataset_133.csv,completed,CyberneticCore fit finished,4.360000000000582
134,run134,test-sg-fit/simurg-projects/run134,test-sg-fit/simurg-projects/run134/run134.json,test-sg-fit/datasets/dataset_134.csv,completed,CyberneticCore fit finished,4.259999999999309
135,run135,test-sg-fit/simurg-projects/run135,test-sg-fit/simurg-projects/run135/run135.json,test-sg-fit/datasets/dataset_135.csv,completed,CyberneticCore fit finished,4.4099999999998545
136,run136,test-sg-fit/simurg-projects/run136,test-sg-fit/simurg-projects/run136/run136.json,test-sg-fit/datasets/dataset_136.csv,completed,CyberneticCore fit finished,4.369999999999891
137,run137,test-sg-fit/simurg-projects/run137,test-sg-fit/simurg-projects/run137/run137.json,test-sg-fit/datasets/dataset_137.csv,completed,CyberneticCore fit finished,4.460000000000036
138,run138,test-sg-fit/simurg-projects/run138,test-sg-fit/simurg-projects/run138/run138.json,test-sg-fit/datasets/dataset_138.csv,completed,CyberneticCore fit finished,4.390000000000327
139,run139,test-sg-fit/simurg-projects/run139,test-sg-fit/simurg-projects/run139/run139.json,test-sg-fit/datasets/dataset_139.csv,completed,CyberneticCore fit finished,4.359999999999673
140,run140,test-sg-fit/simurg-projects/run140,test-sg-fit/simurg-projects/run140/run140.json,test-sg-fit/datasets/dataset_140.csv,completed,CyberneticCore fit finished,4.25
141,run141,test-sg-fit/simurg-projects/run141,test-sg-fit/simurg-projects/run141/run141.json,test-sg-fit/datasets/dataset_141.csv,completed,CyberneticCore fit finished,4.520000000000437
142,run142,test-sg-fit/simurg-projects/run142,test-sg-fit/simurg-projects/run142/run142.json,test-sg-fit/datasets/dataset_142.csv,completed,CyberneticCore fit finished,4.260000000000218
143,run143,test-sg-fit/simurg-projects/run143,test-sg-fit/simurg-projects/run143/run143.json,test-sg-fit/datasets/dataset_143.csv,completed,CyberneticCore fit finished,4.449999999999818
144,run144,test-sg-fit/simurg-projects/run144,test-sg-fit/simurg-projects/run144/run144.json,test-sg-fit/datasets/dataset_144.csv,completed,CyberneticCore fit finished,4.230000000000473
145,run145,test-sg-fit/simurg-projects/run145,test-sg-fit/simurg-projects/run145/run145.json,test-sg-fit/datasets/dataset_145.csv,completed,CyberneticCore fit finished,4.25
146,run146,test-sg-fit/simurg-projects/run146,test-sg-fit/simurg-projects/run146/run146.json,test-sg-fit/datasets/dataset_146.csv,completed,CyberneticCore fit finished,4.350000000000364
147,run147,test-sg-fit/simurg-projects/run147,test-sg-fit/simurg-projects/run147/run147.json,test-sg-fit/datasets/dataset_147.csv,completed,CyberneticCore fit finished,4.219999999999345
148,run148,test-sg-fit/simurg-projects/run148,test-sg-fit/simurg-projects/run148/run148.json,test-sg-fit/datasets/dataset_148.csv,completed,CyberneticCore fit finished,4.220000000000255
149,run149,test-sg-fit/simurg-projects/run149,test-sg-fit/simurg-projects/run149/run149.json,test-sg-fit/datasets/dataset_149.csv,completed,CyberneticCore fit finished,4.369999999999891
150,run150,test-sg-fit/simurg-projects/run150,test-sg-fit/simurg-projects/run150/run150.json,test-sg-fit/datasets/dataset_150.csv,completed,CyberneticCore fit finished,4.190000000000509
151,run151,test-sg-fit/simurg-projects/run151,test-sg-fit/simurg-projects/run151/run151.json,test-sg-fit/datasets/dataset_151.csv,completed,CyberneticCore fit finished,4.319999999999709
152,run152,test-sg-fit/simurg-projects/run152,test-sg-fit/simurg-projects/run152/run152.json,test-sg-fit/datasets/dataset_152.csv,completed,CyberneticCore fit finished,4.199999999999818
153,run153,test-sg-fit/simurg-projects/run153,test-sg-fit/simurg-projects/run153/run153.json,test-sg-fit/datasets/dataset_153.csv,completed,CyberneticCore fit finished,4.330000000000837
154,run154,test-sg-fit/simurg-projects/run154,test-sg-fit/simurg-projects/run154/run154.json,test-sg-fit/datasets/dataset_154.csv,completed,CyberneticCore fit finished,4.25
155,run155,test-sg-fit/simurg-projects/run155,test-sg-fit/simurg-projects/run155/run155.json,test-sg-fit/datasets/dataset_155.csv,completed,CyberneticCore fit finished,4.170000000000073
156,run156,test-sg-fit/simurg-projects/run156,test-sg-fit/simurg-projects/run156/run156.json,test-sg-fit/datasets/dataset_156.csv,completed,CyberneticCore fit finished,4.420000000000073
157,run157,test-sg-fit/simurg-projects/run157,test-sg-fit/simurg-projects/run157/run157.json,test-sg-fit/datasets/dataset_157.csv,completed,CyberneticCore fit finished,4.199999999999818
158,run158,test-sg-fit/simurg-projects/run158,test-sg-fit/simurg-projects/run158/run158.json,test-sg-fit/datasets/dataset_158.csv,completed,CyberneticCore fit finished,4.4399999999996
159,run159,test-sg-fit/simurg-projects/run159,test-sg-fit/simurg-projects/run159/run159.json,test-sg-fit/datasets/dataset_159.csv,completed,CyberneticCore fit finished,4.369999999999891
160,run160,test-sg-fit/simurg-projects/run160,test-sg-fit/simurg-projects/run160/run160.json,test-sg-fit/datasets/dataset_160.csv,completed,CyberneticCore fit finished,4.4299999999993815
161,run161,test-sg-fit/simurg-projects/run161,test-sg-fit/simurg-projects/run161/run161.json,test-sg-fit/datasets/dataset_161.csv,completed,CyberneticCore fit finished,4.490000000000691
162,run162,test-sg-fit/simurg-projects/run162,test-sg-fit/simurg-projects/run162/run162.json,test-sg-fit/datasets/dataset_162.csv,completed,CyberneticCore fit finished,4.369999999999891
163,run163,test-sg-fit/simurg-projects/run163,test-sg-fit/simurg-projects/run163/run163.json,test-sg-fit/datasets/dataset_163.csv,completed,CyberneticCore fit finished,4.2299999999995634
164,run164,test-sg-fit/simurg-projects/run164,test-sg-fit/simurg-projects/run164/run164.json,test-sg-fit/datasets/dataset_164.csv,completed,CyberneticCore fit finished,4.400000000000546
165,run165,test-sg-fit/simurg-projects/run165,test-sg-fit/simurg-projects/run165/run165.json,test-sg-fit/datasets/dataset_165.csv,completed,CyberneticCore fit finished,4.149999999999636
166,run166,test-sg-fit/simurg-projects/run166,test-sg-fit/simurg-projects/run166/run166.json,test-sg-fit/datasets/dataset_166.csv,completed,CyberneticCore fit finished,4.4399999999996
167,run167,test-sg-fit/simurg-projects/run167,test-sg-fit/simurg-projects/run167/run167.json,test-sg-fit/datasets/dataset_167.csv,completed,CyberneticCore fit finished,4.289999999999964
168,run168,test-sg-fit/simurg-projects/run168,test-sg-fit/simurg-projects/run168/run168.json,test-sg-fit/datasets/dataset_168.csv,completed,CyberneticCore fit finished,4.190000000000509
169,run169,test-sg-fit/simurg-projects/run169,test-sg-fit/simurg-projects/run169/run169.json,test-sg-fit/datasets/dataset_169.csv,completed,CyberneticCore fit finished,4.380000000000109
170,run170,test-sg-fit/simurg-projects/run170,test-sg-fit/simurg-projects/run170/run170.json,test-sg-fit/datasets/dataset_170.csv,completed,CyberneticCore fit finished,4.4099999999998545
171,run171,test-sg-fit/simurg-projects/run171,test-sg-fit/simurg-projects/run171/run171.json,test-sg-fit/datasets/dataset_171.csv,completed,CyberneticCore fit finished,4.170000000000073
172,run172,test-sg-fit/simurg-projects/run172,test-sg-fit/simurg-projects/run172/run172.json,test-sg-fit/datasets/dataset_172.csv,completed,CyberneticCore fit finished,4.390000000000327
173,run173,test-sg-fit/simurg-projects/run173,test-sg-fit/simurg-projects/run173/run173.json,test-sg-fit/datasets/dataset_173.csv,completed,CyberneticCore fit finished,4.1599999999998545
174,run174,test-sg-fit/simurg-projects/run174,test-sg-fit/simurg-projects/run174/run174.json,test-sg-fit/datasets/dataset_174.csv,completed,CyberneticCore fit finished,4.359999999999673
175,run175,test-sg-fit/simurg-projects/run175,test-sg-fit/simurg-projects/run175/run175.json,test-sg-fit/datasets/dataset_175.csv,completed,CyberneticCore fit finished,4.25
176,run176,test-sg-fit/simurg-projects/run176,test-sg-fit/simurg-projects/run176/run176.json,test-sg-fit/datasets/dataset_176.csv,completed,CyberneticCore fit finished,4.230000000000473
177,run177,test-sg-fit/simurg-projects/run177,test-sg-fit/simurg-projects/run177/run177.json,test-sg-fit/datasets/dataset_177.csv,completed,CyberneticCore fit finished,4.359999999999673
178,run178,test-sg-fit/simurg-projects/run178,test-sg-fit/simurg-projects/run178/run178.json,test-sg-fit/datasets/dataset_178.csv,completed,CyberneticCore fit finished,4.369999999999891
179,run179,test-sg-fit/simurg-projects/run179,test-sg-fit/simurg-projects/run179/run179.json,test-sg-fit/datasets/dataset_179.csv,completed,CyberneticCore fit finished,4.180000000000291
180,run180,test-sg-fit/simurg-projects/run180,test-sg-fit/simurg-projects/run180/run180.json,test-sg-fit/datasets/dataset_180.csv,completed,CyberneticCore fit finished,4.380000000000109
181,run181,test-sg-fit/simurg-projects/run181,test-sg-fit/simurg-projects/run181/run181.json,test-sg-fit/datasets/dataset_181.csv,completed,CyberneticCore fit finished,4.199999999999818
182,run182,test-sg-fit/simurg-projects/run182,test-sg-fit/simurg-projects/run182/run182.json,test-sg-fit/datasets/dataset_182.csv,completed,CyberneticCore fit finished,4.369999999999891
183,run183,test-sg-fit/simurg-projects/run183,test-sg-fit/simurg-projects/run183/run183.json,test-sg-fit/datasets/dataset_183.csv,completed,CyberneticCore fit finished,4.210000000000036
184,run184,test-sg-fit/simurg-projects/run184,test-sg-fit/simurg-projects/run184/run184.json,test-sg-fit/datasets/dataset_184.csv,completed,CyberneticCore fit finished,4.2299999999995634
185,run185,test-sg-fit/simurg-projects/run185,test-sg-fit/simurg-projects/run185/run185.json,test-sg-fit/datasets/dataset_185.csv,completed,CyberneticCore fit finished,4.329999999999927
186,run186,test-sg-fit/simurg-projects/run186,test-sg-fit/simurg-projects/run186/run186.json,test-sg-fit/datasets/dataset_186.csv,completed,CyberneticCore fit finished,4.170000000000073
187,run187,test-sg-fit/simurg-projects/run187,test-sg-fit/simurg-projects/run187/run187.json,test-sg-fit/datasets/dataset_187.csv,completed,CyberneticCore fit finished,4.260000000000218
188,run188,test-sg-fit/simurg-projects/run188,test-sg-fit/simurg-projects/run188/run188.json,test-sg-fit/datasets/dataset_188.csv,completed,CyberneticCore fit finished,4.3400000000001455
189,run189,test-sg-fit/simurg-projects/run189,test-sg-fit/simurg-projects/run189/run189.json,test-sg-fit/datasets/dataset_189.csv,completed,CyberneticCore fit finished,4.199999999999818
190,run190,test-sg-fit/simurg-projects/run190,test-sg-fit/simurg-projects/run190/run190.json,test-sg-fit/datasets/dataset_190.csv,completed,CyberneticCore fit finished,4.3100000000004
191,run191,test-sg-fit/simurg-projects/run191,test-sg-fit/simurg-projects/run191/run191.json,test-sg-fit/datasets/dataset_191.csv,completed,CyberneticCore fit finished,4.160000000000764
192,run192,test-sg-fit/simurg-projects/run192,test-sg-fit/simurg-projects/run192/run192.json,test-sg-fit/datasets/dataset_192.csv,completed,CyberneticCore fit finished,4.349999999999454
193,run193,test-sg-fit/simurg-projects/run193,test-sg-fit/simurg-projects/run193/run193.json,test-sg-fit/datasets/dataset_193.csv,completed,CyberneticCore fit finished,4.329999999999927
194,run194,test-sg-fit/simurg-projects/run194,test-sg-fit/simurg-projects/run194/run194.json,test-sg-fit/datasets/dataset_194.csv,completed,CyberneticCore fit finished,4.349999999999454
195,run195,test-sg-fit/simurg-projects/run195,test-sg-fit/simurg-projects/run195/run195.json,test-sg-fit/datasets/dataset_195.csv,completed,CyberneticCore fit finished,4.25
196,run196,test-sg-fit/simurg-projects/run196,test-sg-fit/simurg-projects/run196/run196.json,test-sg-fit/datasets/dataset_196.csv,completed,CyberneticCore fit finished,4.5
197,run197,test-sg-fit/simurg-projects/run197,test-sg-fit/simurg-projects/run197/run197.json,test-sg-fit/datasets/dataset_197.csv,completed,CyberneticCore fit finished,4.389999999999418
198,run198,test-sg-fit/simurg-projects/run198,test-sg-fit/simurg-projects/run198/run198.json,test-sg-fit/datasets/dataset_198.csv,completed,CyberneticCore fit finished,4.4799999999995634
199,run199,test-sg-fit/simurg-projects/run199,test-sg-fit/simurg-projects/run199/run199.json,test-sg-fit/datasets/dataset_199.csv,completed,CyberneticCore fit finished,4.300000000000182
200,run200,test-sg-fit/simurg-projects/run200,test-sg-fit/simurg-projects/run200/run200.json,test-sg-fit/datasets/dataset_200.csv,completed,CyberneticCore fit finished,4.269999999999527
201,run201,test-sg-fit/simurg-projects/run201,test-sg-fit/simurg-projects/run201/run201.json,test-sg-fit/datasets/dataset_201.csv,completed,CyberneticCore fit finished,4.300000000000182
202,run202,test-sg-fit/simurg-projects/run202,test-sg-fit/simurg-projects/run202/run202.json,test-sg-fit/datasets/dataset_202.csv,completed,CyberneticCore fit finished,4.240000000000691
203,run203,test-sg-fit/simurg-projects/run203,test-sg-fit/simurg-projects/run203/run203.json,test-sg-fit/datasets/dataset_203.csv,completed,CyberneticCore fit finished,4.3200000000006185
204,run204,test-sg-fit/simurg-projects/run204,test-sg-fit/simurg-projects/run204/run204.json,test-sg-fit/datasets/dataset_204.csv,completed,CyberneticCore fit finished,4.4099999999998545
205,run205,test-sg-fit/simurg-projects/run205,test-sg-fit/simurg-projects/run205/run205.json,test-sg-fit/datasets/dataset_205.csv,completed,CyberneticCore fit finished,4.260000000000218
206,run206,test-sg-fit/simurg-projects/run206,test-sg-fit/simurg-projects/run206/run206.json,test-sg-fit/datasets/dataset_206.csv,completed,CyberneticCore fit finished,4.410000000000764
207,run207,test-sg-fit/simurg-projects/run207,test-sg-fit/simurg-projects/run207/run207.json,test-sg-fit/datasets/dataset_207.csv,completed,CyberneticCore fit finished,4.349999999999454
208,run208,test-sg-fit/simurg-projects/run208,test-sg-fit/simurg-projects/run208/run208.json,test-sg-fit/datasets/dataset_208.csv,completed,CyberneticCore fit finished,4.380000000000109
209,run209,test-sg-fit/simurg-projects/run209,test-sg-fit/simurg-projects/run209/run209.json,test-sg-fit/datasets/dataset_209.csv,completed,CyberneticCore fit finished,4.319999999999709
210,run210,test-sg-fit/simurg-projects/run210,test-sg-fit/simurg-projects/run210/run210.json,test-sg-fit/datasets/dataset_210.csv,completed,CyberneticCore fit finished,4.329999999999927
211,run211,test-sg-fit/simurg-projects/run211,test-sg-fit/simurg-projects/run211/run211.json,test-sg-fit/datasets/dataset_211.csv,completed,CyberneticCore fit finished,4.3100000000004
212,run212,test-sg-fit/simurg-projects/run212,test-sg-fit/simurg-projects/run212/run212.json,test-sg-fit/datasets/dataset_212.csv,completed,CyberneticCore fit finished,4.300000000000182
213,run213,test-sg-fit/simurg-projects/run213,test-sg-fit/simurg-projects/run213/run213.json,test-sg-fit/datasets/dataset_213.csv,completed,CyberneticCore fit finished,4.299999999999272
214,run214,test-sg-fit/simurg-projects/run214,test-sg-fit/simurg-projects/run214/run214.json,test-sg-fit/datasets/dataset_214.csv,completed,CyberneticCore fit finished,4.380000000000109
215,run215,test-sg-fit/simurg-projects/run215,test-sg-fit/simurg-projects/run215/run215.json,test-sg-fit/datasets/dataset_215.csv,completed,CyberneticCore fit finished,4.360000000000582
216,run216,test-sg-fit/simurg-projects/run216,test-sg-fit/simurg-projects/run216/run216.json,test-sg-fit/datasets/dataset_216.csv,completed,CyberneticCore fit finished,4.269999999999527
217,run217,test-sg-fit/simurg-projects/run217,test-sg-fit/simurg-projects/run217/run217.json,test-sg-fit/datasets/dataset_217.csv,completed,CyberneticCore fit finished,4.309999999999491
218,run218,test-sg-fit/simurg-projects/run218,test-sg-fit/simurg-projects/run218/run218.json,test-sg-fit/datasets/dataset_218.csv,completed,CyberneticCore fit finished,4.309999999999491
219,run219,test-sg-fit/simurg-projects/run219,test-sg-fit/simurg-projects/run219/run219.json,test-sg-fit/datasets/dataset_219.csv,completed,CyberneticCore fit finished,4.3100000000004
220,run220,test-sg-fit/simurg-projects/run220,test-sg-fit/simurg-projects/run220/run220.json,test-sg-fit/datasets/dataset_220.csv,completed,CyberneticCore fit finished,4.220000000000255
221,run221,test-sg-fit/simurg-projects/run221,test-sg-fit/simurg-projects/run221/run221.json,test-sg-fit/datasets/dataset_221.csv,completed,CyberneticCore fit finished,4.25
222,run222,test-sg-fit/simurg-projects/run222,test-sg-fit/simurg-projects/run222/run222.json,test-sg-fit/datasets/dataset_222.csv,completed,CyberneticCore fit finished,4.380000000000109
223,run223,test-sg-fit/simurg-projects/run223,test-sg-fit/simurg-projects/run223/run223.json,test-sg-fit/datasets/dataset_223.csv,completed,CyberneticCore fit finished,4.260000000000218
224,run224,test-sg-fit/simurg-projects/run224,test-sg-fit/simurg-projects/run224/run224.json,test-sg-fit/datasets/dataset_224.csv,completed,CyberneticCore fit finished,4.349999999999454
225,run225,test-sg-fit/simurg-projects/run225,test-sg-fit/simurg-projects/run225/run225.json,test-sg-fit/datasets/dataset_225.csv,completed,CyberneticCore fit finished,4.399999999999636
226,run226,test-sg-fit/simurg-projects/run226,test-sg-fit/simurg-projects/run226/run226.json,test-sg-fit/datasets/dataset_226.csv,completed,CyberneticCore fit finished,4.259999999999309
227,run227,test-sg-fit/simurg-projects/run227,test-sg-fit/simurg-projects/run227/run227.json,test-sg-fit/datasets/dataset_227.csv,completed,CyberneticCore fit finished,4.460000000000036
228,run228,test-sg-fit/simurg-projects/run228,test-sg-fit/simurg-projects/run228/run228.json,test-sg-fit/datasets/dataset_228.csv,completed,CyberneticCore fit finished,4.220000000000255
229,run229,test-sg-fit/simurg-projects/run229,test-sg-fit/simurg-projects/run229/run229.json,test-sg-fit/datasets/dataset_229.csv,completed,CyberneticCore fit finished,4.420000000000073
230,run230,test-sg-fit/simurg-projects/run230,test-sg-fit/simurg-projects/run230/run230.json,test-sg-fit/datasets/dataset_230.csv,completed,CyberneticCore fit finished,4.319999999999709
231,run231,test-sg-fit/simurg-projects/run231,test-sg-fit/simurg-projects/run231/run231.json,test-sg-fit/datasets/dataset_231.csv,completed,CyberneticCore fit finished,4.199999999999818
232,run232,test-sg-fit/simurg-projects/run232,test-sg-fit/simurg-projects/run232/run232.json,test-sg-fit/datasets/dataset_232.csv,completed,CyberneticCore fit finished,4.369999999999891
233,run233,test-sg-fit/simurg-projects/run233,test-sg-fit/simurg-projects/run233/run233.json,test-sg-fit/datasets/dataset_233.csv,completed,CyberneticCore fit finished,4.380000000000109
234,run234,test-sg-fit/simurg-projects/run234,test-sg-fit/simurg-projects/run234/run234.json,test-sg-fit/datasets/dataset_234.csv,completed,CyberneticCore fit finished,4.289999999999964
235,run235,test-sg-fit/simurg-projects/run235,test-sg-fit/simurg-projects/run235/run235.json,test-sg-fit/datasets/dataset_235.csv,completed,CyberneticCore fit finished,4.4099999999998545
236,run236,test-sg-fit/simurg-projects/run236,test-sg-fit/simurg-projects/run236/run236.json,test-sg-fit/datasets/dataset_236.csv,completed,CyberneticCore fit finished,4.260000000000218
237,run237,test-sg-fit/simurg-projects/run237,test-sg-fit/simurg-projects/run237/run237.json,test-sg-fit/datasets/dataset_237.csv,completed,CyberneticCore fit finished,4.410000000000764
238,run238,test-sg-fit/simurg-projects/run238,test-sg-fit/simurg-projects/run238/run238.json,test-sg-fit/datasets/dataset_238.csv,completed,CyberneticCore fit finished,4.260000000000218
239,run239,test-sg-fit/simurg-projects/run239,test-sg-fit/simurg-projects/run239/run239.json,test-sg-fit/datasets/dataset_239.csv,completed,CyberneticCore fit finished,4.350000000000364
240,run240,test-sg-fit/simurg-projects/run240,test-sg-fit/simurg-projects/run240/run240.json,test-sg-fit/datasets/dataset_240.csv,completed,CyberneticCore fit finished,4.420000000000073
241,run241,test-sg-fit/simurg-projects/run241,test-sg-fit/simurg-projects/run241/run241.json,test-sg-fit/datasets/dataset_241.csv,completed,CyberneticCore fit finished,4.380000000000109
242,run242,test-sg-fit/simurg-projects/run242,test-sg-fit/simurg-projects/run242/run242.json,test-sg-fit/datasets/dataset_242.csv,completed,CyberneticCore fit finished,4.359999999999673
243,run243,test-sg-fit/simurg-projects/run243,test-sg-fit/simurg-projects/run243/run243.json,test-sg-fit/datasets/dataset_243.csv,completed,CyberneticCore fit finished,4.260000000000218
244,run244,test-sg-fit/simurg-projects/run244,test-sg-fit/simurg-projects/run244/run244.json,test-sg-fit/datasets/dataset_244.csv,completed,CyberneticCore fit finished,4.6899999999996
245,run245,test-sg-fit/simurg-projects/run245,test-sg-fit/simurg-projects/run245/run245.json,test-sg-fit/datasets/dataset_245.csv,completed,CyberneticCore fit finished,4.4799999999995634
246,run246,test-sg-fit/simurg-projects/run246,test-sg-fit/simurg-projects/run246/run246.json,test-sg-fit/datasets/dataset_246.csv,completed,CyberneticCore fit finished,4.300000000000182
247,run247,test-sg-fit/simurg-projects/run247,test-sg-fit/simurg-projects/run247/run247.json,test-sg-fit/datasets/dataset_247.csv,completed,CyberneticCore fit finished,4.4799999999995634
248,run248,test-sg-fit/simurg-projects/run248,test-sg-fit/simurg-projects/run248/run248.json,test-sg-fit/datasets/dataset_248.csv,completed,CyberneticCore fit finished,4.4099999999998545
249,run249,test-sg-fit/simurg-projects/run249,test-sg-fit/simurg-projects/run249/run249.json,test-sg-fit/datasets/dataset_249.csv,completed,CyberneticCore fit finished,4.339999999999236
250,run250,test-sg-fit/simurg-projects/run250,test-sg-fit/simurg-projects/run250/run250.json,test-sg-fit/datasets/dataset_250.csv,completed,CyberneticCore fit finished,4.519999999999527
251,run251,test-sg-fit/simurg-projects/run251,test-sg-fit/simurg-projects/run251/run251.json,test-sg-fit/datasets/dataset_251.csv,completed,CyberneticCore fit finished,4.329999999999927
252,run252,test-sg-fit/simurg-projects/run252,test-sg-fit/simurg-projects/run252/run252.json,test-sg-fit/datasets/dataset_252.csv,completed,CyberneticCore fit finished,4.489999999999782
253,run253,test-sg-fit/simurg-projects/run253,test-sg-fit/simurg-projects/run253/run253.json,test-sg-fit/datasets/dataset_253.csv,completed,CyberneticCore fit finished,4.25
254,run254,test-sg-fit/simurg-projects/run254,test-sg-fit/simurg-projects/run254/run254.json,test-sg-fit/datasets/dataset_254.csv,completed,CyberneticCore fit finished,4.359999999999673
255,run255,test-sg-fit/simurg-projects/run255,test-sg-fit/simurg-projects/run255/run255.json,test-sg-fit/datasets/dataset_255.csv,completed,CyberneticCore fit finished,4.420000000000073
256,run256,test-sg-fit/simurg-projects/run256,test-sg-fit/simurg-projects/run256/run256.json,test-sg-fit/datasets/dataset_256.csv,completed,CyberneticCore fit finished,4.3400000000001455
257,run257,test-sg-fit/simurg-projects/run257,test-sg-fit/simurg-projects/run257/run257.json,test-sg-fit/datasets/dataset_257.csv,completed,CyberneticCore fit finished,4.380000000000109
258,run258,test-sg-fit/simurg-projects/run258,test-sg-fit/simurg-projects/run258/run258.json,test-sg-fit/datasets/dataset_258.csv,completed,CyberneticCore fit finished,4.469999999999345
259,run259,test-sg-fit/simurg-projects/run259,test-sg-fit/simurg-projects/run259/run259.json,test-sg-fit/datasets/dataset_259.csv,completed,CyberneticCore fit finished,4.350000000000364
260,run260,test-sg-fit/simurg-projects/run260,test-sg-fit/simurg-projects/run260/run260.json,test-sg-fit/datasets/dataset_260.csv,completed,CyberneticCore fit finished,4.529999999999745
261,run261,test-sg-fit/simurg-projects/run261,test-sg-fit/simurg-projects/run261/run261.json,test-sg-fit/datasets/dataset_261.csv,completed,CyberneticCore fit finished,4.280000000000655
262,run262,test-sg-fit/simurg-projects/run262,test-sg-fit/simurg-projects/run262/run262.json,test-sg-fit/datasets/dataset_262.csv,completed,CyberneticCore fit finished,4.309999999999491
263,run263,test-sg-fit/simurg-projects/run263,test-sg-fit/simurg-projects/run263/run263.json,test-sg-fit/datasets/dataset_263.csv,completed,CyberneticCore fit finished,4.360000000000582
264,run264,test-sg-fit/simurg-projects/run264,test-sg-fit/simurg-projects/run264/run264.json,test-sg-fit/datasets/dataset_264.csv,completed,CyberneticCore fit finished,4.25
265,run265,test-sg-fit/simurg-projects/run265,test-sg-fit/simurg-projects/run265/run265.json,test-sg-fit/datasets/dataset_265.csv,completed,CyberneticCore fit finished,4.4399999999996
266,run266,test-sg-fit/simurg-projects/run266,test-sg-fit/simurg-projects/run266/run266.json,test-sg-fit/datasets/dataset_266.csv,completed,CyberneticCore fit finished,4.470000000000255
267,run267,test-sg-fit/simurg-projects/run267,test-sg-fit/simurg-projects/run267/run267.json,test-sg-fit/datasets/dataset_267.csv,completed,CyberneticCore fit finished,4.350000000000364
268,run268,test-sg-fit/simurg-projects/run268,test-sg-fit/simurg-projects/run268/run268.json,test-sg-fit/datasets/dataset_268.csv,completed,CyberneticCore fit finished,4.480000000000473
269,run269,test-sg-fit/simurg-projects/run269,test-sg-fit/simurg-projects/run269/run269.json,test-sg-fit/datasets/dataset_269.csv,completed,CyberneticCore fit finished,4.420000000000073
270,run270,test-sg-fit/simurg-projects/run270,test-sg-fit/simurg-projects/run270/run270.json,test-sg-fit/datasets/dataset_270.csv,completed,CyberneticCore fit finished,4.420000000000073
271,run271,test-sg-fit/simurg-projects/run271,test-sg-fit/simurg-projects/run271/run271.json,test-sg-fit/datasets/dataset_271.csv,completed,CyberneticCore fit finished,4.4099999999998545
272,run272,test-sg-fit/simurg-projects/run272,test-sg-fit/simurg-projects/run272/run272.json,test-sg-fit/datasets/dataset_272.csv,completed,CyberneticCore fit finished,4.190000000000509
273,run273,test-sg-fit/simurg-projects/run273,test-sg-fit/simurg-projects/run273/run273.json,test-sg-fit/datasets/dataset_273.csv,completed,CyberneticCore fit finished,4.3400000000001455
274,run274,test-sg-fit/simurg-projects/run274,test-sg-fit/simurg-projects/run274/run274.json,test-sg-fit/datasets/dataset_274.csv,completed,CyberneticCore fit finished,4.350000000000364
275,run275,test-sg-fit/simurg-projects/run275,test-sg-fit/simurg-projects/run275/run275.json,test-sg-fit/datasets/dataset_275.csv,completed,CyberneticCore fit finished,4.269999999999527
276,run276,test-sg-fit/simurg-projects/run276,test-sg-fit/simurg-projects/run276/run276.json,test-sg-fit/datasets/dataset_276.csv,completed,CyberneticCore fit finished,4.359999999999673
277,run277,test-sg-fit/simurg-projects/run277,test-sg-fit/simurg-projects/run277/run277.json,test-sg-fit/datasets/dataset_277.csv,completed,CyberneticCore fit finished,4.289999999999964
278,run278,test-sg-fit/simurg-projects/run278,test-sg-fit/simurg-projects/run278/run278.json,test-sg-fit/datasets/dataset_278.csv,completed,CyberneticCore fit finished,4.420000000000073
279,run279,test-sg-fit/simurg-projects/run279,test-sg-fit/simurg-projects/run279/run279.json,test-sg-fit/datasets/dataset_279.csv,completed,CyberneticCore fit finished,4.420000000000073
280,run280,test-sg-fit/simurg-projects/run280,test-sg-fit/simurg-projects/run280/run280.json,test-sg-fit/datasets/dataset_280.csv,completed,CyberneticCore fit finished,4.4099999999998545
281,run281,test-sg-fit/simurg-projects/run281,test-sg-fit/simurg-projects/run281/run281.json,test-sg-fit/datasets/dataset_281.csv,completed,CyberneticCore fit finished,4.449999999999818
282,run282,test-sg-fit/simurg-projects/run282,test-sg-fit/simurg-projects/run282/run282.json,test-sg-fit/datasets/dataset_282.csv,completed,CyberneticCore fit finished,4.25
283,run283,test-sg-fit/simurg-projects/run283,test-sg-fit/simurg-projects/run283/run283.json,test-sg-fit/datasets/dataset_283.csv,completed,CyberneticCore fit finished,4.4399999999996
284,run284,test-sg-fit/simurg-projects/run284,test-sg-fit/simurg-projects/run284/run284.json,test-sg-fit/datasets/dataset_284.csv,completed,CyberneticCore fit finished,4.4399999999996
285,run285,test-sg-fit/simurg-projects/run285,test-sg-fit/simurg-projects/run285/run285.json,test-sg-fit/datasets/dataset_285.csv,completed,CyberneticCore fit finished,4.239999999999782
286,run286,test-sg-fit/simurg-projects/run286,test-sg-fit/simurg-projects/run286/run286.json,test-sg-fit/datasets/dataset_286.csv,completed,CyberneticCore fit finished,4.5
287,run287,test-sg-fit/simurg-projects/run287,test-sg-fit/simurg-projects/run287/run287.json,test-sg-fit/datasets/dataset_287.csv,completed,CyberneticCore fit finished,4.449999999999818
288,run288,test-sg-fit/simurg-projects/run288,test-sg-fit/simurg-projects/run288/run288.json,test-sg-fit/datasets/dataset_288.csv,completed,CyberneticCore fit finished,4.319999999999709
289,run289,test-sg-fit/simurg-projects/run289,test-sg-fit/simurg-projects/run289/run289.json,test-sg-fit/datasets/dataset_289.csv,completed,CyberneticCore fit finished,4.449999999999818
290,run290,test-sg-fit/simurg-projects/run290,test-sg-fit/simurg-projects/run290/run290.json,test-sg-fit/datasets/dataset_290.csv,completed,CyberneticCore fit finished,4.3200000000006185
291,run291,test-sg-fit/simurg-projects/run291,test-sg-fit/simurg-projects/run291/run291.json,test-sg-fit/datasets/dataset_291.csv,completed,CyberneticCore fit finished,4.539999999999964
292,run292,test-sg-fit/simurg-projects/run292,test-sg-fit/simurg-projects/run292/run292.json,test-sg-fit/datasets/dataset_292.csv,completed,CyberneticCore fit finished,4.430000000000291
293,run293,test-sg-fit/simurg-projects/run293,test-sg-fit/simurg-projects/run293/run293.json,test-sg-fit/datasets/dataset_293.csv,completed,CyberneticCore fit finished,4.399999999999636
294,run294,test-sg-fit/simurg-projects/run294,test-sg-fit/simurg-projects/run294/run294.json,test-sg-fit/datasets/dataset_294.csv,completed,CyberneticCore fit finished,4.440000000000509
295,run295,test-sg-fit/simurg-projects/run295,test-sg-fit/simurg-projects/run295/run295.json,test-sg-fit/datasets/dataset_295.csv,completed,CyberneticCore fit finished,4.239999999999782
296,run296,test-sg-fit/simurg-projects/run296,test-sg-fit/simurg-projects/run296/run296.json,test-sg-fit/datasets/dataset_296.csv,completed,CyberneticCore fit finished,4.529999999999745
297,run297,test-sg-fit/simurg-projects/run297,test-sg-fit/simurg-projects/run297/run297.json,test-sg-fit/datasets/dataset_297.csv,completed,CyberneticCore fit finished,4.420000000000073
298,run298,test-sg-fit/simurg-projects/run298,test-sg-fit/simurg-projects/run298/run298.json,test-sg-fit/datasets/dataset_298.csv,completed,CyberneticCore fit finished,4.300000000000182
299,run299,test-sg-fit/simurg-projects/run299,test-sg-fit/simurg-projects/run299/run299.json,test-sg-fit/datasets/dataset_299.csv,completed,CyberneticCore fit finished,4.419999999999163
300,run300,test-sg-fit/simurg-projects/run300,test-sg-fit/simurg-projects/run300/run300.json,test-sg-fit/datasets/dataset_300.csv,completed,CyberneticCore fit finished,4.449999999999818
301,run301,test-sg-fit/simurg-projects/run301,test-sg-fit/simurg-projects/run301/run301.json,test-sg-fit/datasets/dataset_301.csv,completed,CyberneticCore fit finished,4.349999999999454
302,run302,test-sg-fit/simurg-projects/run302,test-sg-fit/simurg-projects/run302/run302.json,test-sg-fit/datasets/dataset_302.csv,completed,CyberneticCore fit finished,4.420000000000073
303,run303,test-sg-fit/simurg-projects/run303,test-sg-fit/simurg-projects/run303/run303.json,test-sg-fit/datasets/dataset_303.csv,completed,CyberneticCore fit finished,4.289999999999964
304,run304,test-sg-fit/simurg-projects/run304,test-sg-fit/simurg-projects/run304/run304.json,test-sg-fit/datasets/dataset_304.csv,completed,CyberneticCore fit finished,4.489999999999782
305,run305,test-sg-fit/simurg-projects/run305,test-sg-fit/simurg-projects/run305/run305.json,test-sg-fit/datasets/dataset_305.csv,completed,CyberneticCore fit finished,4.369999999999891
306,run306,test-sg-fit/simurg-projects/run306,test-sg-fit/simurg-projects/run306/run306.json,test-sg-fit/datasets/dataset_306.csv,completed,CyberneticCore fit finished,4.5
307,run307,test-sg-fit/simurg-projects/run307,test-sg-fit/simurg-projects/run307/run307.json,test-sg-fit/datasets/dataset_307.csv,completed,CyberneticCore fit finished,4.389999999999418
308,run308,test-sg-fit/simurg-projects/run308,test-sg-fit/simurg-projects/run308/run308.json,test-sg-fit/datasets/dataset_308.csv,completed,CyberneticCore fit finished,4.400000000000546
309,run309,test-sg-fit/simurg-projects/run309,test-sg-fit/simurg-projects/run309/run309.json,test-sg-fit/datasets/dataset_309.csv,completed,CyberneticCore fit finished,4.440000000000509
310,run310,test-sg-fit/simurg-projects/run310,test-sg-fit/simurg-projects/run310/run310.json,test-sg-fit/datasets/dataset_310.csv,completed,CyberneticCore fit finished,4.449999999999818
311,run311,test-sg-fit/simurg-projects/run311,test-sg-fit/simurg-projects/run311/run311.json,test-sg-fit/datasets/dataset_311.csv,completed,CyberneticCore fit finished,4.25
312,run312,test-sg-fit/simurg-projects/run312,test-sg-fit/simurg-projects/run312/run312.json,test-sg-fit/datasets/dataset_312.csv,completed,CyberneticCore fit finished,4.420000000000073
313,run313,test-sg-fit/simurg-projects/run313,test-sg-fit/simurg-projects/run313/run313.json,test-sg-fit/datasets/dataset_313.csv,completed,CyberneticCore fit finished,4.510000000000218
314,run314,test-sg-fit/simurg-projects/run314,test-sg-fit/simurg-projects/run314/run314.json,test-sg-fit/datasets/dataset_314.csv,completed,CyberneticCore fit finished,4.449999999999818
315,run315,test-sg-fit/simurg-projects/run315,test-sg-fit/simurg-projects/run315/run315.json,test-sg-fit/datasets/dataset_315.csv,completed,CyberneticCore fit finished,4.399999999999636
316,run316,test-sg-fit/simurg-projects/run316,test-sg-fit/simurg-projects/run316/run316.json,test-sg-fit/datasets/dataset_316.csv,completed,CyberneticCore fit finished,4.510000000000218
317,run317,test-sg-fit/simurg-projects/run317,test-sg-fit/simurg-projects/run317/run317.json,test-sg-fit/datasets/dataset_317.csv,completed,CyberneticCore fit finished,4.489999999999782
318,run318,test-sg-fit/simurg-projects/run318,test-sg-fit/simurg-projects/run318/run318.json,test-sg-fit/datasets/dataset_318.csv,completed,CyberneticCore fit finished,4.470000000000255
319,run319,test-sg-fit/simurg-projects/run319,test-sg-fit/simurg-projects/run319/run319.json,test-sg-fit/datasets/dataset_319.csv,completed,CyberneticCore fit finished,4.25
320,run320,test-sg-fit/simurg-projects/run320,test-sg-fit/simurg-projects/run320/run320.json,test-sg-fit/datasets/dataset_320.csv,completed,CyberneticCore fit finished,4.369999999999891
321,run321,test-sg-fit/simurg-projects/run321,test-sg-fit/simurg-projects/run321/run321.json,test-sg-fit/datasets/dataset_321.csv,completed,CyberneticCore fit finished,4.25
322,run322,test-sg-fit/simurg-projects/run322,test-sg-fit/simurg-projects/run322/run322.json,test-sg-fit/datasets/dataset_322.csv,completed,CyberneticCore fit finished,4.489999999999782
323,run323,test-sg-fit/simurg-projects/run323,test-sg-fit/simurg-projects/run323/run323.json,test-sg-fit/datasets/dataset_323.csv,completed,CyberneticCore fit finished,4.4099999999998545
324,run324,test-sg-fit/simurg-projects/run324,test-sg-fit/simurg-projects/run324/run324.json,test-sg-fit/datasets/dataset_324.csv,completed,CyberneticCore fit finished,4.25
325,run325,test-sg-fit/simurg-projects/run325,test-sg-fit/simurg-projects/run325/run325.json,test-sg-fit/datasets/dataset_325.csv,completed,CyberneticCore fit finished,4.720000000000255
326,run326,test-sg-fit/simurg-projects/run326,test-sg-fit/simurg-projects/run326/run326.json,test-sg-fit/datasets/dataset_326.csv,completed,CyberneticCore fit finished,4.460000000000036
327,run327,test-sg-fit/simurg-projects/run327,test-sg-fit/simurg-projects/run327/run327.json,test-sg-fit/datasets/dataset_327.csv,completed,CyberneticCore fit finished,4.289999999999964
328,run328,test-sg-fit/simurg-projects/run328,test-sg-fit/simurg-projects/run328/run328.json,test-sg-fit/datasets/dataset_328.csv,completed,CyberneticCore fit finished,4.489999999999782
329,run329,test-sg-fit/simurg-projects/run329,test-sg-fit/simurg-projects/run329/run329.json,test-sg-fit/datasets/dataset_329.csv,completed,CyberneticCore fit finished,4.350000000000364
330,run330,test-sg-fit/simurg-projects/run330,test-sg-fit/simurg-projects/run330/run330.json,test-sg-fit/datasets/dataset_330.csv,completed,CyberneticCore fit finished,4.450000000000728
331,run331,test-sg-fit/simurg-projects/run331,test-sg-fit/simurg-projects/run331/run331.json,test-sg-fit/datasets/dataset_331.csv,completed,CyberneticCore fit finished,4.289999999999964
332,run332,test-sg-fit/simurg-projects/run332,test-sg-fit/simurg-projects/run332/run332.json,test-sg-fit/datasets/dataset_332.csv,completed,CyberneticCore fit finished,4.279999999999745
333,run333,test-sg-fit/simurg-projects/run333,test-sg-fit/simurg-projects/run333/run333.json,test-sg-fit/datasets/dataset_333.csv,completed,CyberneticCore fit finished,4.390000000000327
334,run334,test-sg-fit/simurg-projects/run334,test-sg-fit/simurg-projects/run334/run334.json,test-sg-fit/datasets/dataset_334.csv,completed,CyberneticCore fit finished,4.460000000000036
335,run335,test-sg-fit/simurg-projects/run335,test-sg-fit/simurg-projects/run335/run335.json,test-sg-fit/datasets/dataset_335.csv,completed,CyberneticCore fit finished,4.350000000000364
336,run336,test-sg-fit/simurg-projects/run336,test-sg-fit/simurg-projects/run336/run336.json,test-sg-fit/datasets/dataset_336.csv,completed,CyberneticCore fit finished,4.510000000000218
337,run337,test-sg-fit/simurg-projects/run337,test-sg-fit/simurg-projects/run337/run337.json,test-sg-fit/datasets/dataset_337.csv,completed,CyberneticCore fit finished,4.359999999999673
338,run338,test-sg-fit/simurg-projects/run338,test-sg-fit/simurg-projects/run338/run338.json,test-sg-fit/datasets/dataset_338.csv,completed,CyberneticCore fit finished,4.4399999999996
339,run339,test-sg-fit/simurg-projects/run339,test-sg-fit/simurg-projects/run339/run339.json,test-sg-fit/datasets/dataset_339.csv,completed,CyberneticCore fit finished,4.319999999999709
340,run340,test-sg-fit/simurg-projects/run340,test-sg-fit/simurg-projects/run340/run340.json,test-sg-fit/datasets/dataset_340.csv,completed,CyberneticCore fit finished,4.270000000000437
341,run341,test-sg-fit/simurg-projects/run341,test-sg-fit/simurg-projects/run341/run341.json,test-sg-fit/datasets/dataset_341.csv,completed,CyberneticCore fit finished,4.4099999999998545
342,run342,test-sg-fit/simurg-projects/run342,test-sg-fit/simurg-projects/run342/run342.json,test-sg-fit/datasets/dataset_342.csv,completed,CyberneticCore fit finished,4.420000000000073
343,run343,test-sg-fit/simurg-projects/run343,test-sg-fit/simurg-projects/run343/run343.json,test-sg-fit/datasets/dataset_343.csv,completed,CyberneticCore fit finished,4.359999999999673
344,run344,test-sg-fit/simurg-projects/run344,test-sg-fit/simurg-projects/run344/run344.json,test-sg-fit/datasets/dataset_344.csv,completed,CyberneticCore fit finished,4.520000000000437
345,run345,test-sg-fit/simurg-projects/run345,test-sg-fit/simurg-projects/run345/run345.json,test-sg-fit/datasets/dataset_345.csv,completed,CyberneticCore fit finished,4.3200000000006185
346,run346,test-sg-fit/simurg-projects/run346,test-sg-fit/simurg-projects/run346/run346.json,test-sg-fit/datasets/dataset_346.csv,completed,CyberneticCore fit finished,4.480000000000473
347,run347,test-sg-fit/simurg-projects/run347,test-sg-fit/simurg-projects/run347/run347.json,test-sg-fit/datasets/dataset_347.csv,completed,CyberneticCore fit finished,4.239999999999782
348,run348,test-sg-fit/simurg-projects/run348,test-sg-fit/simurg-projects/run348/run348.json,test-sg-fit/datasets/dataset_348.csv,completed,CyberneticCore fit finished,4.350000000000364
349,run349,test-sg-fit/simurg-projects/run349,test-sg-fit/simurg-projects/run349/run349.json,test-sg-fit/datasets/dataset_349.csv,completed,CyberneticCore fit finished,4.390000000000327
350,run350,test-sg-fit/simurg-projects/run350,test-sg-fit/simurg-projects/run350/run350.json,test-sg-fit/datasets/dataset_350.csv,completed,CyberneticCore fit finished,4.279999999999745
351,run351,test-sg-fit/simurg-projects/run351,test-sg-fit/simurg-projects/run351/run351.json,test-sg-fit/datasets/dataset_351.csv,completed,CyberneticCore fit finished,4.359999999999673
352,run352,test-sg-fit/simurg-projects/run352,test-sg-fit/simurg-projects/run352/run352.json,test-sg-fit/datasets/dataset_352.csv,completed,CyberneticCore fit finished,4.449999999999818
353,run353,test-sg-fit/simurg-projects/run353,test-sg-fit/simurg-projects/run353/run353.json,test-sg-fit/datasets/dataset_353.csv,completed,CyberneticCore fit finished,4.260000000000218
354,run354,test-sg-fit/simurg-projects/run354,test-sg-fit/simurg-projects/run354/run354.json,test-sg-fit/datasets/dataset_354.csv,completed,CyberneticCore fit finished,4.5
355,run355,test-sg-fit/simurg-projects/run355,test-sg-fit/simurg-projects/run355/run355.json,test-sg-fit/datasets/dataset_355.csv,completed,CyberneticCore fit finished,4.2299999999995634
356,run356,test-sg-fit/simurg-projects/run356,test-sg-fit/simurg-projects/run356/run356.json,test-sg-fit/datasets/dataset_356.csv,completed,CyberneticCore fit finished,4.289999999999964
357,run357,test-sg-fit/simurg-projects/run357,test-sg-fit/simurg-projects/run357/run357.json,test-sg-fit/datasets/dataset_357.csv,completed,CyberneticCore fit finished,4.349999999999454
358,run358,test-sg-fit/simurg-projects/run358,test-sg-fit/simurg-projects/run358/run358.json,test-sg-fit/datasets/dataset_358.csv,completed,CyberneticCore fit finished,4.3100000000004
359,run359,test-sg-fit/simurg-projects/run359,test-sg-fit/simurg-projects/run359/run359.json,test-sg-fit/datasets/dataset_359.csv,completed,CyberneticCore fit finished,4.510000000000218
360,run360,test-sg-fit/simurg-projects/run360,test-sg-fit/simurg-projects/run360/run360.json,test-sg-fit/datasets/dataset_360.csv,completed,CyberneticCore fit finished,4.299999999999272
361,run361,test-sg-fit/simurg-projects/run361,test-sg-fit/simurg-projects/run361/run361.json,test-sg-fit/datasets/dataset_361.csv,completed,CyberneticCore fit finished,4.460000000000036
362,run362,test-sg-fit/simurg-projects/run362,test-sg-fit/simurg-projects/run362/run362.json,test-sg-fit/datasets/dataset_362.csv,completed,CyberneticCore fit finished,4.440000000000509
363,run363,test-sg-fit/simurg-projects/run363,test-sg-fit/simurg-projects/run363/run363.json,test-sg-fit/datasets/dataset_363.csv,completed,CyberneticCore fit finished,4.469999999999345
364,run364,test-sg-fit/simurg-projects/run364,test-sg-fit/simurg-projects/run364/run364.json,test-sg-fit/datasets/dataset_364.csv,completed,CyberneticCore fit finished,4.440000000000509
365,run365,test-sg-fit/simurg-projects/run365,test-sg-fit/simurg-projects/run365/run365.json,test-sg-fit/datasets/dataset_365.csv,completed,CyberneticCore fit finished,4.449999999999818
366,run366,test-sg-fit/simurg-projects/run366,test-sg-fit/simurg-projects/run366/run366.json,test-sg-fit/datasets/dataset_366.csv,completed,CyberneticCore fit finished,4.319999999999709
367,run367,test-sg-fit/simurg-projects/run367,test-sg-fit/simurg-projects/run367/run367.json,test-sg-fit/datasets/dataset_367.csv,completed,CyberneticCore fit finished,4.420000000000073
368,run368,test-sg-fit/simurg-projects/run368,test-sg-fit/simurg-projects/run368/run368.json,test-sg-fit/datasets/dataset_368.csv,completed,CyberneticCore fit finished,4.319999999999709
369,run369,test-sg-fit/simurg-projects/run369,test-sg-fit/simurg-projects/run369/run369.json,test-sg-fit/datasets/dataset_369.csv,completed,CyberneticCore fit finished,4.430000000000291
370,run370,test-sg-fit/simurg-projects/run370,test-sg-fit/simurg-projects/run370/run370.json,test-sg-fit/datasets/dataset_370.csv,completed,CyberneticCore fit finished,4.4099999999998545
371,run371,test-sg-fit/simurg-projects/run371,test-sg-fit/simurg-projects/run371/run371.json,test-sg-fit/datasets/dataset_371.csv,completed,CyberneticCore fit finished,4.3100000000004
372,run372,test-sg-fit/simurg-projects/run372,test-sg-fit/simurg-projects/run372/run372.json,test-sg-fit/datasets/dataset_372.csv,completed,CyberneticCore fit finished,4.430000000000291
373,run373,test-sg-fit/simurg-projects/run373,test-sg-fit/simurg-projects/run373/run373.json,test-sg-fit/datasets/dataset_373.csv,completed,CyberneticCore fit finished,4.440000000000509
374,run374,test-sg-fit/simurg-projects/run374,test-sg-fit/simurg-projects/run374/run374.json,test-sg-fit/datasets/dataset_374.csv,completed,CyberneticCore fit finished,4.389999999999418
375,run375,test-sg-fit/simurg-projects/run375,test-sg-fit/simurg-projects/run375/run375.json,test-sg-fit/datasets/dataset_375.csv,completed,CyberneticCore fit finished,4.440000000000509
376,run376,test-sg-fit/simurg-projects/run376,test-sg-fit/simurg-projects/run376/run376.json,test-sg-fit/datasets/dataset_376.csv,completed,CyberneticCore fit finished,4.25
377,run377,test-sg-fit/simurg-projects/run377,test-sg-fit/simurg-projects/run377/run377.json,test-sg-fit/datasets/dataset_377.csv,completed,CyberneticCore fit finished,4.399999999999636
378,run378,test-sg-fit/simurg-projects/run378,test-sg-fit/simurg-projects/run378/run378.json,test-sg-fit/datasets/dataset_378.csv,completed,CyberneticCore fit finished,4.449999999999818
379,run379,test-sg-fit/simurg-projects/run379,test-sg-fit/simurg-projects/run379/run379.json,test-sg-fit/datasets/dataset_379.csv,completed,CyberneticCore fit finished,4.300000000000182
380,run380,test-sg-fit/simurg-projects/run380,test-sg-fit/simurg-projects/run380/run380.json,test-sg-fit/datasets/dataset_380.csv,completed,CyberneticCore fit finished,4.5
381,run381,test-sg-fit/simurg-projects/run381,test-sg-fit/simurg-projects/run381/run381.json,test-sg-fit/datasets/dataset_381.csv,completed,CyberneticCore fit finished,4.4099999999998545
382,run382,test-sg-fit/simurg-projects/run382,test-sg-fit/simurg-projects/run382/run382.json,test-sg-fit/datasets/dataset_382.csv,completed,CyberneticCore fit finished,4.3400000000001455
383,run383,test-sg-fit/simurg-projects/run383,test-sg-fit/simurg-projects/run383/run383.json,test-sg-fit/datasets/dataset_383.csv,completed,CyberneticCore fit finished,4.4399999999996
384,run384,test-sg-fit/simurg-projects/run384,test-sg-fit/simurg-projects/run384/run384.json,test-sg-fit/datasets/dataset_384.csv,completed,CyberneticCore fit finished,4.25
385,run385,test-sg-fit/simurg-projects/run385,test-sg-fit/simurg-projects/run385/run385.json,test-sg-fit/datasets/dataset_385.csv,completed,CyberneticCore fit finished,4.4099999999998545
386,run386,test-sg-fit/simurg-projects/run386,test-sg-fit/simurg-projects/run386/run386.json,test-sg-fit/datasets/dataset_386.csv,completed,CyberneticCore fit finished,4.489999999999782
387,run387,test-sg-fit/simurg-projects/run387,test-sg-fit/simurg-projects/run387/run387.json,test-sg-fit/datasets/dataset_387.csv,completed,CyberneticCore fit finished,4.240000000000691
388,run388,test-sg-fit/simurg-projects/run388,test-sg-fit/simurg-projects/run388/run388.json,test-sg-fit/datasets/dataset_388.csv,completed,CyberneticCore fit finished,4.420000000000073
389,run389,test-sg-fit/simurg-projects/run389,test-sg-fit/simurg-projects/run389/run389.json,test-sg-fit/datasets/dataset_389.csv,completed,CyberneticCore fit finished,4.280000000000655
390,run390,test-sg-fit/simurg-projects/run390,test-sg-fit/simurg-projects/run390/run390.json,test-sg-fit/datasets/dataset_390.csv,completed,CyberneticCore fit finished,4.380000000000109
391,run391,test-sg-fit/simurg-projects/run391,test-sg-fit/simurg-projects/run391/run391.json,test-sg-fit/datasets/dataset_391.csv,completed,CyberneticCore fit finished,4.469999999999345
392,run392,test-sg-fit/simurg-projects/run392,test-sg-fit/simurg-projects/run392/run392.json,test-sg-fit/datasets/dataset_392.csv,completed,CyberneticCore fit finished,4.3100000000004
393,run393,test-sg-fit/simurg-projects/run393,test-sg-fit/simurg-projects/run393/run393.json,test-sg-fit/datasets/dataset_393.csv,completed,CyberneticCore fit finished,4.449999999999818
394,run394,test-sg-fit/simurg-projects/run394,test-sg-fit/simurg-projects/run394/run394.json,test-sg-fit/datasets/dataset_394.csv,completed,CyberneticCore fit finished,4.239999999999782
395,run395,test-sg-fit/simurg-projects/run395,test-sg-fit/simurg-projects/run395/run395.json,test-sg-fit/datasets/dataset_395.csv,completed,CyberneticCore fit finished,4.329999999999927
396,run396,test-sg-fit/simurg-projects/run396,test-sg-fit/simurg-projects/run396/run396.json,test-sg-fit/datasets/dataset_396.csv,completed,CyberneticCore fit finished,4.440000000000509
397,run397,test-sg-fit/simurg-projects/run397,test-sg-fit/simurg-projects/run397/run397.json,test-sg-fit/datasets/dataset_397.csv,completed,CyberneticCore fit finished,4.259999999999309
398,run398,test-sg-fit/simurg-projects/run398,test-sg-fit/simurg-projects/run398/run398.json,test-sg-fit/datasets/dataset_398.csv,completed,CyberneticCore fit finished,4.369999999999891
399,run399,test-sg-fit/simurg-projects/run399,test-sg-fit/simurg-projects/run399/run399.json,test-sg-fit/datasets/dataset_399.csv,completed,CyberneticCore fit finished,4.510000000000218
400,run400,test-sg-fit/simurg-projects/run400,test-sg-fit/simurg-projects/run400/run400.json,test-sg-fit/datasets/dataset_400.csv,completed,CyberneticCore fit finished,4.3100000000004
401,run401,test-sg-fit/simurg-projects/run401,test-sg-fit/simurg-projects/run401/run401.json,test-sg-fit/datasets/dataset_401.csv,completed,CyberneticCore fit finished,4.4799999999995634
402,run402,test-sg-fit/simurg-projects/run402,test-sg-fit/simurg-projects/run402/run402.json,test-sg-fit/datasets/dataset_402.csv,completed,CyberneticCore fit finished,4.329999999999927
403,run403,test-sg-fit/simurg-projects/run403,test-sg-fit/simurg-projects/run403/run403.json,test-sg-fit/datasets/dataset_403.csv,completed,CyberneticCore fit finished,4.350000000000364
404,run404,test-sg-fit/simurg-projects/run404,test-sg-fit/simurg-projects/run404/run404.json,test-sg-fit/datasets/dataset_404.csv,completed,CyberneticCore fit finished,4.380000000000109
405,run405,test-sg-fit/simurg-projects/run405,test-sg-fit/simurg-projects/run405/run405.json,test-sg-fit/datasets/dataset_405.csv,completed,CyberneticCore fit finished,4.319999999999709
406,run406,test-sg-fit/simurg-projects/run406,test-sg-fit/simurg-projects/run406/run406.json,test-sg-fit/datasets/dataset_406.csv,completed,CyberneticCore fit finished,4.3200000000006185
407,run407,test-sg-fit/simurg-projects/run407,test-sg-fit/simurg-projects/run407/run407.json,test-sg-fit/datasets/dataset_407.csv,completed,CyberneticCore fit finished,4.4299999999993815
408,run408,test-sg-fit/simurg-projects/run408,test-sg-fit/simurg-projects/run408/run408.json,test-sg-fit/datasets/dataset_408.csv,completed,CyberneticCore fit finished,4.329999999999927
409,run409,test-sg-fit/simurg-projects/run409,test-sg-fit/simurg-projects/run409/run409.json,test-sg-fit/datasets/dataset_409.csv,completed,CyberneticCore fit finished,4.480000000000473
410,run410,test-sg-fit/simurg-projects/run410,test-sg-fit/simurg-projects/run410/run410.json,test-sg-fit/datasets/dataset_410.csv,completed,CyberneticCore fit finished,4.309999999999491
411,run411,test-sg-fit/simurg-projects/run411,test-sg-fit/simurg-projects/run411/run411.json,test-sg-fit/datasets/dataset_411.csv,completed,CyberneticCore fit finished,4.359999999999673
412,run412,test-sg-fit/simurg-projects/run412,test-sg-fit/simurg-projects/run412/run412.json,test-sg-fit/datasets/dataset_412.csv,completed,CyberneticCore fit finished,4.389999999999418
413,run413,test-sg-fit/simurg-projects/run413,test-sg-fit/simurg-projects/run413/run413.json,test-sg-fit/datasets/dataset_413.csv,completed,CyberneticCore fit finished,4.3100000000004
414,run414,test-sg-fit/simurg-projects/run414,test-sg-fit/simurg-projects/run414/run414.json,test-sg-fit/datasets/dataset_414.csv,completed,CyberneticCore fit finished,4.309999999999491
415,run415,test-sg-fit/simurg-projects/run415,test-sg-fit/simurg-projects/run415/run415.json,test-sg-fit/datasets/dataset_415.csv,completed,CyberneticCore fit finished,4.2299999999995634
416,run416,test-sg-fit/simurg-projects/run416,test-sg-fit/simurg-projects/run416/run416.json,test-sg-fit/datasets/dataset_416.csv,completed,CyberneticCore fit finished,4.5
417,run417,test-sg-fit/simurg-projects/run417,test-sg-fit/simurg-projects/run417/run417.json,test-sg-fit/datasets/dataset_417.csv,completed,CyberneticCore fit finished,4.490000000000691
418,run418,test-sg-fit/simurg-projects/run418,test-sg-fit/simurg-projects/run418/run418.json,test-sg-fit/datasets/dataset_418.csv,completed,CyberneticCore fit finished,4.529999999999745
419,run419,test-sg-fit/simurg-projects/run419,test-sg-fit/simurg-projects/run419/run419.json,test-sg-fit/datasets/dataset_419.csv,completed,CyberneticCore fit finished,4.440000000000509
420,run420,test-sg-fit/simurg-projects/run420,test-sg-fit/simurg-projects/run420/run420.json,test-sg-fit/datasets/dataset_420.csv,completed,CyberneticCore fit finished,4.4099999999998545
421,run421,test-sg-fit/simurg-projects/run421,test-sg-fit/simurg-projects/run421/run421.json,test-sg-fit/datasets/dataset_421.csv,completed,CyberneticCore fit finished,4.389999999999418
422,run422,test-sg-fit/simurg-projects/run422,test-sg-fit/simurg-projects/run422/run422.json,test-sg-fit/datasets/dataset_422.csv,completed,CyberneticCore fit finished,4.350000000000364
423,run423,test-sg-fit/simurg-projects/run423,test-sg-fit/simurg-projects/run423/run423.json,test-sg-fit/datasets/dataset_423.csv,completed,CyberneticCore fit finished,4.359999999999673
424,run424,test-sg-fit/simurg-projects/run424,test-sg-fit/simurg-projects/run424/run424.json,test-sg-fit/datasets/dataset_424.csv,completed,CyberneticCore fit finished,4.390000000000327
425,run425,test-sg-fit/simurg-projects/run425,test-sg-fit/simurg-projects/run425/run425.json,test-sg-fit/datasets/dataset_425.csv,completed,CyberneticCore fit finished,4.460000000000036
426,run426,test-sg-fit/simurg-projects/run426,test-sg-fit/simurg-projects/run426/run426.json,test-sg-fit/datasets/dataset_426.csv,completed,CyberneticCore fit finished,4.390000000000327
427,run427,test-sg-fit/simurg-projects/run427,test-sg-fit/simurg-projects/run427/run427.json,test-sg-fit/datasets/dataset_427.csv,completed,CyberneticCore fit finished,4.579999999999927
428,run428,test-sg-fit/simurg-projects/run428,test-sg-fit/simurg-projects/run428/run428.json,test-sg-fit/datasets/dataset_428.csv,completed,CyberneticCore fit finished,4.359999999999673
429,run429,test-sg-fit/simurg-projects/run429,test-sg-fit/simurg-projects/run429/run429.json,test-sg-fit/datasets/dataset_429.csv,completed,CyberneticCore fit finished,4.350000000000364
430,run430,test-sg-fit/simurg-projects/run430,test-sg-fit/simurg-projects/run430/run430.json,test-sg-fit/datasets/dataset_430.csv,completed,CyberneticCore fit finished,4.380000000000109
431,run431,test-sg-fit/simurg-projects/run431,test-sg-fit/simurg-projects/run431/run431.json,test-sg-fit/datasets/dataset_431.csv,completed,CyberneticCore fit finished,4.449999999999818
432,run432,test-sg-fit/simurg-projects/run432,test-sg-fit/simurg-projects/run432/run432.json,test-sg-fit/datasets/dataset_432.csv,completed,CyberneticCore fit finished,4.329999999999927
433,run433,test-sg-fit/simurg-projects/run433,test-sg-fit/simurg-projects/run433/run433.json,test-sg-fit/datasets/dataset_433.csv,completed,CyberneticCore fit finished,4.390000000000327
434,run434,test-sg-fit/simurg-projects/run434,test-sg-fit/simurg-projects/run434/run434.json,test-sg-fit/datasets/dataset_434.csv,completed,CyberneticCore fit finished,4.390000000000327
435,run435,test-sg-fit/simurg-projects/run435,test-sg-fit/simurg-projects/run435/run435.json,test-sg-fit/datasets/dataset_435.csv,completed,CyberneticCore fit finished,4.359999999999673
436,run436,test-sg-fit/simurg-projects/run436,test-sg-fit/simurg-projects/run436/run436.json,test-sg-fit/datasets/dataset_436.csv,completed,CyberneticCore fit finished,4.269999999999527
437,run437,test-sg-fit/simurg-projects/run437,test-sg-fit/simurg-projects/run437/run437.json,test-sg-fit/datasets/dataset_437.csv,completed,CyberneticCore fit finished,4.199999999999818
438,run438,test-sg-fit/simurg-projects/run438,test-sg-fit/simurg-projects/run438/run438.json,test-sg-fit/datasets/dataset_438.csv,completed,CyberneticCore fit finished,4.25
439,run439,test-sg-fit/simurg-projects/run439,test-sg-fit/simurg-projects/run439/run439.json,test-sg-fit/datasets/dataset_439.csv,completed,CyberneticCore fit finished,4.339999999999236
440,run440,test-sg-fit/simurg-projects/run440,test-sg-fit/simurg-projects/run440/run440.json,test-sg-fit/datasets/dataset_440.csv,completed,CyberneticCore fit finished,4.329999999999927
441,run441,test-sg-fit/simurg-projects/run441,test-sg-fit/simurg-projects/run441/run441.json,test-sg-fit/datasets/dataset_441.csv,completed,CyberneticCore fit finished,4.260000000000218
442,run442,test-sg-fit/simurg-projects/run442,test-sg-fit/simurg-projects/run442/run442.json,test-sg-fit/datasets/dataset_442.csv,completed,CyberneticCore fit finished,4.280000000000655
443,run443,test-sg-fit/simurg-projects/run443,test-sg-fit/simurg-projects/run443/run443.json,test-sg-fit/datasets/dataset_443.csv,completed,CyberneticCore fit finished,4.279999999999745
444,run444,test-sg-fit/simurg-projects/run444,test-sg-fit/simurg-projects/run444/run444.json,test-sg-fit/datasets/dataset_444.csv,completed,CyberneticCore fit finished,4.369999999999891
445,run445,test-sg-fit/simurg-projects/run445,test-sg-fit/simurg-projects/run445/run445.json,test-sg-fit/datasets/dataset_445.csv,completed,CyberneticCore fit finished,4.139999999999418
446,run446,test-sg-fit/simurg-projects/run446,test-sg-fit/simurg-projects/run446/run446.json,test-sg-fit/datasets/dataset_446.csv,completed,CyberneticCore fit finished,4.380000000000109
447,run447,test-sg-fit/simurg-projects/run447,test-sg-fit/simurg-projects/run447/run447.json,test-sg-fit/datasets/dataset_447.csv,completed,CyberneticCore fit finished,4.4399999999996
448,run448,test-sg-fit/simurg-projects/run448,test-sg-fit/simurg-projects/run448/run448.json,test-sg-fit/datasets/dataset_448.csv,completed,CyberneticCore fit finished,4.289999999999964
449,run449,test-sg-fit/simurg-projects/run449,test-sg-fit/simurg-projects/run449/run449.json,test-sg-fit/datasets/dataset_449.csv,completed,CyberneticCore fit finished,4.469999999999345
450,run450,test-sg-fit/simurg-projects/run450,test-sg-fit/simurg-projects/run450/run450.json,test-sg-fit/datasets/dataset_450.csv,completed,CyberneticCore fit finished,4.449999999999818
451,run451,test-sg-fit/simurg-projects/run451,test-sg-fit/simurg-projects/run451/run451.json,test-sg-fit/datasets/dataset_451.csv,completed,CyberneticCore fit finished,4.3100000000004
452,run452,test-sg-fit/simurg-projects/run452,test-sg-fit/simurg-projects/run452/run452.json,test-sg-fit/datasets/dataset_452.csv,completed,CyberneticCore fit finished,4.4299999999993815
453,run453,test-sg-fit/simurg-projects/run453,test-sg-fit/simurg-projects/run453/run453.json,test-sg-fit/datasets/dataset_453.csv,completed,CyberneticCore fit finished,4.3400000000001455
454,run454,test-sg-fit/simurg-projects/run454,test-sg-fit/simurg-projects/run454/run454.json,test-sg-fit/datasets/dataset_454.csv,completed,CyberneticCore fit finished,4.449999999999818
455,run455,test-sg-fit/simurg-projects/run455,test-sg-fit/simurg-projects/run455/run455.json,test-sg-fit/datasets/dataset_455.csv,completed,CyberneticCore fit finished,4.25
456,run456,test-sg-fit/simurg-projects/run456,test-sg-fit/simurg-projects/run456/run456.json,test-sg-fit/datasets/dataset_456.csv,completed,CyberneticCore fit finished,4.329999999999927
457,run457,test-sg-fit/simurg-projects/run457,test-sg-fit/simurg-projects/run457/run457.json,test-sg-fit/datasets/dataset_457.csv,completed,CyberneticCore fit finished,4.3400000000001455
458,run458,test-sg-fit/simurg-projects/run458,test-sg-fit/simurg-projects/run458/run458.json,test-sg-fit/datasets/dataset_458.csv,completed,CyberneticCore fit finished,4.359999999999673
459,run459,test-sg-fit/simurg-projects/run459,test-sg-fit/simurg-projects/run459/run459.json,test-sg-fit/datasets/dataset_459.csv,completed,CyberneticCore fit finished,4.3400000000001455
460,run460,test-sg-fit/simurg-projects/run460,test-sg-fit/simurg-projects/run460/run460.json,test-sg-fit/datasets/dataset_460.csv,completed,CyberneticCore fit finished,4.4799999999995634
461,run461,test-sg-fit/simurg-projects/run461,test-sg-fit/simurg-projects/run461/run461.json,test-sg-fit/datasets/dataset_461.csv,completed,CyberneticCore fit finished,4.3400000000001455
462,run462,test-sg-fit/simurg-projects/run462,test-sg-fit/simurg-projects/run462/run462.json,test-sg-fit/datasets/dataset_462.csv,completed,CyberneticCore fit finished,4.4399999999996
463,run463,test-sg-fit/simurg-projects/run463,test-sg-fit/simurg-projects/run463/run463.json,test-sg-fit/datasets/dataset_463.csv,completed,CyberneticCore fit finished,4.299999999999272
464,run464,test-sg-fit/simurg-projects/run464,test-sg-fit/simurg-projects/run464/run464.json,test-sg-fit/datasets/dataset_464.csv,completed,CyberneticCore fit finished,4.329999999999927
465,run465,test-sg-fit/simurg-projects/run465,test-sg-fit/simurg-projects/run465/run465.json,test-sg-fit/datasets/dataset_465.csv,completed,CyberneticCore fit finished,4.390000000000327
466,run466,test-sg-fit/simurg-projects/run466,test-sg-fit/simurg-projects/run466/run466.json,test-sg-fit/datasets/dataset_466.csv,completed,CyberneticCore fit finished,4.300000000000182
467,run467,test-sg-fit/simurg-projects/run467,test-sg-fit/simurg-projects/run467/run467.json,test-sg-fit/datasets/dataset_467.csv,completed,CyberneticCore fit finished,4.389999999999418
468,run468,test-sg-fit/simurg-projects/run468,test-sg-fit/simurg-projects/run468/run468.json,test-sg-fit/datasets/dataset_468.csv,completed,CyberneticCore fit finished,4.430000000000291
469,run469,test-sg-fit/simurg-projects/run469,test-sg-fit/simurg-projects/run469/run469.json,test-sg-fit/datasets/dataset_469.csv,completed,CyberneticCore fit finished,4.3100000000004
470,run470,test-sg-fit/simurg-projects/run470,test-sg-fit/simurg-projects/run470/run470.json,test-sg-fit/datasets/dataset_470.csv,completed,CyberneticCore fit finished,4.449999999999818
471,run471,test-sg-fit/simurg-projects/run471,test-sg-fit/simurg-projects/run471/run471.json,test-sg-fit/datasets/dataset_471.csv,completed,CyberneticCore fit finished,4.420000000000073
472,run472,test-sg-fit/simurg-projects/run472,test-sg-fit/simurg-projects/run472/run472.json,test-sg-fit/datasets/dataset_472.csv,completed,CyberneticCore fit finished,4.369999999999891
473,run473,test-sg-fit/simurg-projects/run473,test-sg-fit/simurg-projects/run473/run473.json,test-sg-fit/datasets/dataset_473.csv,completed,CyberneticCore fit finished,4.4399999999996
474,run474,test-sg-fit/simurg-projects/run474,test-sg-fit/simurg-projects/run474/run474.json,test-sg-fit/datasets/dataset_474.csv,completed,CyberneticCore fit finished,4.270000000000437
475,run475,test-sg-fit/simurg-projects/run475,test-sg-fit/simurg-projects/run475/run475.json,test-sg-fit/datasets/dataset_475.csv,completed,CyberneticCore fit finished,4.470000000000255
476,run476,test-sg-fit/simurg-projects/run476,test-sg-fit/simurg-projects/run476/run476.json,test-sg-fit/datasets/dataset_476.csv,completed,CyberneticCore fit finished,4.430000000000291
477,run477,test-sg-fit/simurg-projects/run477,test-sg-fit/simurg-projects/run477/run477.json,test-sg-fit/datasets/dataset_477.csv,completed,CyberneticCore fit finished,4.25
478,run478,test-sg-fit/simurg-projects/run478,test-sg-fit/simurg-projects/run478/run478.json,test-sg-fit/datasets/dataset_478.csv,completed,CyberneticCore fit finished,4.420000000000073
479,run479,test-sg-fit/simurg-projects/run479,test-sg-fit/simurg-projects/run479/run479.json,test-sg-fit/datasets/dataset_479.csv,completed,CyberneticCore fit finished,4.390000000000327
480,run480,test-sg-fit/simurg-projects/run480,test-sg-fit/simurg-projects/run480/run480.json,test-sg-fit/datasets/dataset_480.csv,completed,CyberneticCore fit finished,4.4099999999998545
481,run481,test-sg-fit/simurg-projects/run481,test-sg-fit/simurg-projects/run481/run481.json,test-sg-fit/datasets/dataset_481.csv,completed,CyberneticCore fit finished,4.420000000000073
482,run482,test-sg-fit/simurg-projects/run482,test-sg-fit/simurg-projects/run482/run482.json,test-sg-fit/datasets/dataset_482.csv,completed,CyberneticCore fit finished,4.280000000000655
483,run483,test-sg-fit/simurg-projects/run483,test-sg-fit/simurg-projects/run483/run483.json,test-sg-fit/datasets/dataset_483.csv,completed,CyberneticCore fit finished,4.470000000000255
484,run484,test-sg-fit/simurg-projects/run484,test-sg-fit/simurg-projects/run484/run484.json,test-sg-fit/datasets/dataset_484.csv,completed,CyberneticCore fit finished,4.3100000000004
485,run485,test-sg-fit/simurg-projects/run485,test-sg-fit/simurg-projects/run485/run485.json,test-sg-fit/datasets/dataset_485.csv,completed,CyberneticCore fit finished,4.449999999999818
486,run486,test-sg-fit/simurg-projects/run486,test-sg-fit/simurg-projects/run486/run486.json,test-sg-fit/datasets/dataset_486.csv,completed,CyberneticCore fit finished,4.559999999999491
487,run487,test-sg-fit/simurg-projects/run487,test-sg-fit/simurg-projects/run487/run487.json,test-sg-fit/datasets/dataset_487.csv,completed,CyberneticCore fit finished,4.260000000000218
488,run488,test-sg-fit/simurg-projects/run488,test-sg-fit/simurg-projects/run488/run488.json,test-sg-fit/datasets/dataset_488.csv,completed,CyberneticCore fit finished,4.4099999999998545
489,run489,test-sg-fit/simurg-projects/run489,test-sg-fit/simurg-projects/run489/run489.json,test-sg-fit/datasets/dataset_489.csv,completed,CyberneticCore fit finished,4.470000000000255
490,run490,test-sg-fit/simurg-projects/run490,test-sg-fit/simurg-projects/run490/run490.json,test-sg-fit/datasets/dataset_490.csv,completed,CyberneticCore fit finished,4.330000000000837
491,run491,test-sg-fit/simurg-projects/run491,test-sg-fit/simurg-projects/run491/run491.json,test-sg-fit/datasets/dataset_491.csv,completed,CyberneticCore fit finished,4.480000000000473
492,run492,test-sg-fit/simurg-projects/run492,test-sg-fit/simurg-projects/run492/run492.json,test-sg-fit/datasets/dataset_492.csv,completed,CyberneticCore fit finished,4.289999999999964
493,run493,test-sg-fit/simurg-projects/run493,test-sg-fit/simurg-projects/run493/run493.json,test-sg-fit/datasets/dataset_493.csv,completed,CyberneticCore fit finished,4.440000000000509
494,run494,test-sg-fit/simurg-projects/run494,test-sg-fit/simurg-projects/run494/run494.json,test-sg-fit/datasets/dataset_494.csv,completed,CyberneticCore fit finished,4.300000000000182
495,run495,test-sg-fit/simurg-projects/run495,test-sg-fit/simurg-projects/run495/run495.json,test-sg-fit/datasets/dataset_495.csv,completed,CyberneticCore fit finished,4.469999999999345
496,run496,test-sg-fit/simurg-projects/run496,test-sg-fit/simurg-projects/run496/run496.json,test-sg-fit/datasets/dataset_496.csv,completed,CyberneticCore fit finished,4.390000000000327
497,run497,test-sg-fit/simurg-projects/run497,test-sg-fit/simurg-projects/run497/run497.json,test-sg-fit/datasets/dataset_497.csv,completed,CyberneticCore fit finished,4.279999999999745
498,run498,test-sg-fit/simurg-projects/run498,test-sg-fit/simurg-projects/run498/run498.json,test-sg-fit/datasets/dataset_498.csv,completed,CyberneticCore fit finished,4.389999999999418
499,run499,test-sg-fit/simurg-projects/run499,test-sg-fit/simurg-projects/run499/run499.json,test-sg-fit/datasets/dataset_499.csv,completed,CyberneticCore fit finished,4.460000000000036
500,run500,test-sg-fit/simurg-projects/run500,test-sg-fit/simurg-projects/run500/run500.json,test-sg-fit/datasets/dataset_500.csv,completed,CyberneticCore fit finished,4.380000000000109
