Trial_ID,ARM_ID,TIME,Narm,ARMTYPE,TRT,Y,NAME,VARIANCE,DV_ID,tY,TDRUG_2,DOSE,ARM_ID_N,mean_Age,mean_Female,mean_Disdur,mean_mRSS,mean_FVC,mean_DLCO,Narm_DLCO,Narm_FVC,Narm_mRSS
SCLRD_001,SCLRD_001_1,4,34,comparator,Abatacept,-1.22950819672131,mRSS,3.5846015746999753,1,-7.169203149399951,placebo,0,0,51,75,1.57,22.45,85.35,70.58055555555555,0,0,34
SCLRD_001,SCLRD_001_1,26,34,comparator,Abatacept,-2.05797101449275,FVC,4.1408209108321596,2,-11.999929986493205,placebo,0,0,51,75,1.57,22.45,85.35,70.58055555555555,0,34,34
SCLRD_001,SCLRD_001_1,13,34,comparator,Abatacept,-1.63934426229508,mRSS,6.0938226769899675,1,-9.55893753253327,placebo,0,0,51,75,1.57,22.45,85.35,70.58055555555555,0,0,34
SCLRD_001,SCLRD_001_1,39,32,comparator,Abatacept,-2.58196721311475,mRSS,7.1869869563222943,1,-14.605812201558173,placebo,0,0,51,75,1.57,22.45,85.35,70.58055555555555,0,0,32
SCLRD_001,SCLRD_001_1,26,34,comparator,Abatacept,-1.96721311475409,mRSS,6.2133093961466423,1,-11.470725039039888,placebo,0,0,51,75,1.57,22.45,85.35,70.58055555555555,0,34,34
SCLRD_001,SCLRD_001_1,52,38,comparator,Abatacept,-3.7,mRSS,7.6,1,-22.808331810985212,placebo,0,0,51,75,1.57,22.45,85.35,70.58055555555555,0,37,38
SCLRD_001,SCLRD_001_1,52,37,comparator,Abatacept,-2.7,FVC,5.5,2,-16.423458831805192,placebo,0,0,51,75,1.57,22.45,85.35,70.58055555555555,0,37,38
SCLRD_001,SCLRD_001_2,13,32,treatment,Abatacept,-1.80327868852458,mRSS,5.5641189339269364,1,-10.200884712199317,Abatacept,125,1,51,75,1.57,22.45,85.35,70.58055555555555,0,0,32
SCLRD_001,SCLRD_001_2,26,33,treatment,Abatacept,-0.144927536231884,FVC,8.5752167042524032,2,-0.8325453110924677,Abatacept,125,1,51,75,1.57,22.45,85.35,70.58055555555555,0,33,33
SCLRD_001,SCLRD_001_2,26,33,treatment,Abatacept,-3.89344262295082,mRSS,5.6503894883980363,1,-22.36612505824233,Abatacept,125,1,51,75,1.57,22.45,85.35,70.58055555555555,0,33,33
SCLRD_001,SCLRD_001_2,39,33,treatment,Abatacept,-5.81967213114754,mRSS,6.1212552790978823,1,-33.43147113968852,Abatacept,125,1,51,75,1.57,22.45,85.35,70.58055555555555,0,0,33
SCLRD_001,SCLRD_001_2,52,32,treatment,Abatacept,-1.6,FVC,8,2,-9.05096679918781,Abatacept,125,1,51,75,1.57,22.45,85.35,70.58055555555555,0,32,34
SCLRD_001,SCLRD_001_2,52,34,treatment,Abatacept,-6.6,mRSS,6.4,1,-38.48428250597898,Abatacept,125,1,51,75,1.57,22.45,85.35,70.58055555555555,0,32,34
SCLRD_001,SCLRD_001_2,4,31,treatment,Abatacept,-1.02459016393442,mRSS,4.2214606849325955,1,-5.704676601260233,Abatacept,125,1,51,75,1.57,22.45,85.35,70.58055555555555,0,0,31
SCLRD_002,SCLRD_002_1,24,3,comparator,Abatacept,-7.4,DLCO,10.7,3,-12.817175976009691,placebo,0,0,44.2,85.7,5.6,27.17,75.3,83.65,3,3,3
SCLRD_002,SCLRD_002_1,24,3,comparator,Abatacept,-2.3,mRSS,15,1,-3.9837168574084174,placebo,0,0,44.2,85.7,5.6,27.17,75.3,83.65,3,3,3
SCLRD_002,SCLRD_002_1,24,3,comparator,Abatacept,0.3,FVC,8.5,2,0.5196152422706631,placebo,0,0,44.2,85.7,5.6,27.17,75.3,83.65,3,3,3
SCLRD_002,SCLRD_002_2,24,7,treatment,Abatacept,1.3,FVC,8.5,2,3.439476704383968,Abatacept,750,1,44.2,85.7,5.6,27.17,75.3,83.65,7,7,7
SCLRD_002,SCLRD_002_2,24,7,treatment,Abatacept,-8.6,mRSS,7.5,1,-22.75346127515548,Abatacept,750,1,44.2,85.7,5.6,27.17,75.3,83.65,7,7,7
SCLRD_002,SCLRD_002_2,24,7,treatment,Abatacept,2,DLCO,6.3,3,5.291502622129181,Abatacept,750,1,44.2,85.7,5.6,27.17,75.3,83.65,7,7,7
SCLRD_003,SCLRD_003_1,12,8,comparator,Abituzumab,-0.399600399600397,FVC,100,2,-1.1302406092891797,placebo,0,0,55.3,79.3,3.72,22.6052,62.6,70.58055555555555,0,8,0
SCLRD_003,SCLRD_003_1,36,3,comparator,Abituzumab,-6.593406593406575,FVC,100,2,-11.420115214739818,placebo,0,0,55.3,79.3,3.72,22.6052,62.6,70.58055555555555,0,3,0
SCLRD_003,SCLRD_003_1,24,5,comparator,Abituzumab,-2.397602397602397,FVC,100,2,-5.361201944055439,placebo,0,0,55.3,79.3,3.72,22.6052,62.6,70.58055555555555,0,5,0
SCLRD_003,SCLRD_003_1,52,2,comparator,Abituzumab,-3.939393939393939,FVC,1.7151515151515151,2,-5.571144336621283,placebo,0,0,55.3,79.3,3.72,22.6052,62.6,70.58055555555555,0,2,0
SCLRD_003,SCLRD_003_2,24,1,treatment,Abituzumab,-0.06660006660006668,FVC,0,2,-0.06660006660006668,Abituzumab,500,1,55.3,79.3,3.72,22.6052,62.6,70.58055555555555,0,1,0
SCLRD_003,SCLRD_003_2,36,1,treatment,Abituzumab,-9.657009657009635,FVC,0,2,-9.657009657009635,Abituzumab,500,1,55.3,79.3,3.72,22.6052,62.6,70.58055555555555,0,1,0
SCLRD_003,SCLRD_003_2,12,3,treatment,Abituzumab,0,FVC,100,2,0,Abituzumab,500,1,55.3,79.3,3.72,22.6052,62.6,70.58055555555555,0,3,0
SCLRD_003,SCLRD_003_3,12,8,treatment,Abituzumab,0.2664002664002658,FVC,100,2,0.753493739526123,Abituzumab,1500,2,55.3,79.3,3.72,22.6052,62.6,70.58055555555555,0,8,0
SCLRD_003,SCLRD_003_3,24,6,treatment,Abituzumab,-3.0636030636030607,FVC,100,2,-7.504264280254817,Abituzumab,1500,2,55.3,79.3,3.72,22.6052,62.6,70.58055555555555,0,6,0
SCLRD_003,SCLRD_003_3,36,3,treatment,Abituzumab,-5.061605061605061,FVC,100,2,-8.766957134547761,Abituzumab,1500,2,55.3,79.3,3.72,22.6052,62.6,70.58055555555555,0,3,0
SCLRD_003,SCLRD_003_3,52,1,treatment,Abituzumab,-1.5151515151515151,FVC,0,2,-1.5151515151515151,Abituzumab,1500,2,55.3,79.3,3.72,22.6052,62.6,70.58055555555555,0,1,0
SCLRD_004,SCLRD_004_1,52,9,comparator,Belimumab,0.3333333333333333,DLCO,9.6296296296296298,3,1,placebo,0,0,54.9,75,0.86,27.08,92.17,82.5,9,9,9
SCLRD_004,SCLRD_004_1,52,9,comparator,Belimumab,-6.333333333333333,mRSS,10.37037037037037,1,-19,placebo,0,0,54.9,75,0.86,27.08,92.17,82.5,9,9,9
SCLRD_004,SCLRD_004_1,52,9,comparator,Belimumab,-1.3333333333333333,FVC,7.4074074074074066,2,-4,placebo,0,0,54.9,75,0.86,27.08,92.17,82.5,9,9,9
SCLRD_004,SCLRD_004_2,52,9,treatment,Belimumab,4.333333333333333,FVC,5.9259259259259256,2,13,Belimumab,700,1,54.9,75,0.86,27.08,92.17,82.5,9,9,9
SCLRD_004,SCLRD_004_2,52,9,treatment,Belimumab,-10.666666666666666,mRSS,2.9629629629629628,1,-32,Belimumab,700,1,54.9,75,0.86,27.08,92.17,82.5,9,9,9
SCLRD_004,SCLRD_004_2,52,9,treatment,Belimumab,0.6666666666666666,DLCO,10.37037037037037,3,2,Belimumab,700,1,54.9,75,0.86,27.08,92.17,82.5,9,9,9
SCLRD_005,SCLRD_005_1,12,10,comparator,Bermekimab,-1.0723999999999998,DLCO,3.1851851851851847,3,-3.3912265627645697,placebo,0,0,50.9,90,0.87,23.65,76.2,74.9,10,10,10
SCLRD_005,SCLRD_005_1,12,10,comparator,Bermekimab,-2.7673999999999994,mRSS,17.851851851851851,1,-8.751287196749972,placebo,0,0,50.9,90,0.87,23.65,76.2,74.9,10,10,10
SCLRD_005,SCLRD_005_1,12,10,comparator,Bermekimab,0,FVC,3.2592592592592595,2,0,placebo,0,0,50.9,90,0.87,23.65,76.2,74.9,10,10,10
SCLRD_005,SCLRD_005_2,12,10,treatment,Bermekimab,0.4524,FVC,6.5925925925925926,2,1.430614413460175,Bermekimab,400,1,50.9,90,0.87,23.65,76.2,74.9,10,10,10
SCLRD_005,SCLRD_005_2,12,10,treatment,Bermekimab,-3.1436,mRSS,9.1111111111111107,1,-9.940936052505318,Bermekimab,400,1,50.9,90,0.87,23.65,76.2,74.9,10,10,10
SCLRD_005,SCLRD_005_2,12,10,treatment,Bermekimab,1.83,DLCO,13.555555555555555,3,5.786968118108135,Bermekimab,400,1,50.9,90,0.87,23.65,76.2,74.9,10,10,10
SCLRD_006,SCLRD_006_1,24,10,comparator,Metelimumab,-1.064598996,mRSS,7.868130529055704,1,-3.366557622088486,placebo,0,0,48.4,76.4,0.63,21.73,90.58,75.78,0,0,10
SCLRD_006,SCLRD_006_1,12,10,comparator,Metelimumab,0.752752767,mRSS,7.5578357565597143,1,2.3804132587140336,placebo,0,0,48.4,76.4,0.63,21.73,90.58,75.78,0,0,10
SCLRD_006,SCLRD_006_2,12,10,treatment,Metelimumab,0.621127194,mRSS,5.8401760354463939,1,1.9641766497092712,Metelimumab,35,1,48.4,76.4,0.63,21.73,90.58,75.78,0,0,10
SCLRD_006,SCLRD_006_2,24,10,treatment,Metelimumab,-2.336100292,mRSS,7.8166782256583218,1,-7.387397765304428,Metelimumab,35,1,48.4,76.4,0.63,21.73,90.58,75.78,0,0,10
SCLRD_006,SCLRD_006_3,12,10,treatment,Metelimumab,-1.1548824,mRSS,6.2891520063710624,1,-3.6520588136416423,Metelimumab,350,2,48.4,76.4,0.63,21.73,90.58,75.78,0,0,10
SCLRD_006,SCLRD_006_3,24,10,treatment,Metelimumab,1.500895653,mRSS,6.6282704696001744,1,4.746248793725732,Metelimumab,350,2,48.4,76.4,0.63,21.73,90.58,75.78,0,0,10
SCLRD_006,SCLRD_006_4,12,10,treatment,Metelimumab,2.880411106,mRSS,4.26959402141404,1,9.108659692604695,Metelimumab,700,3,48.4,76.4,0.63,21.73,90.58,75.78,0,0,10
SCLRD_006,SCLRD_006_4,24,10,treatment,Metelimumab,2.05029387,mRSS,6.3528900088700846,1,6.483598501881172,Metelimumab,700,3,48.4,76.4,0.63,21.73,90.58,75.78,0,0,10
SCLRD_007,SCLRD_007_1,12,8,comparator,GSK2330811,0.04,FVC,0.34811410766106965,2,0.11313708498984762,placebo,0,0,56.7,62.3,1.55,24.33,98.9,80.13,0,8,8
SCLRD_007,SCLRD_007_1,12,8,comparator,GSK2330811,-3.13,mRSS,4.438454872678637,1,-8.852976900455575,placebo,0,0,56.7,62.3,1.55,24.33,98.9,80.13,0,8,8
SCLRD_007,SCLRD_007_3,12,20,treatment,GSK2330811,0.06,FVC,0.34401045807689073,2,0.2683281572999748,GSK2330811,300,2,56.7,62.3,1.55,24.33,98.9,80.13,0,20,21
SCLRD_007,SCLRD_007_3,12,21,treatment,GSK2330811,-2.01,mRSS,4.2535702604461898,1,-9.210977146861238,GSK2330811,300,2,56.7,62.3,1.55,24.33,98.9,80.13,0,20,21
SCLRD_008,SCLRD_008_1,26,1,comparator,Imatinib,-2,mRSS,0,1,-2,placebo,0,0,49,83.3,4.04,34.05,82.50363636363636,70.58055555555555,0,0,1
SCLRD_008,SCLRD_008_2,26,4,treatment,Imatinib,-1.7000000000000028,mRSS,100,1,-3.4000000000000057,Imatinib,200,1,49,83.3,4.04,34.05,82.50363636363636,70.58055555555555,0,0,4
SCLRD_009,SCLRD_009_1,26,13,comparator,Imatinib,-0.18333333333333335,mRSS,0.28888888888888886,1,-0.6610177338350647,placebo,0,0,49,60.5,3.05,26.5,82.50363636363636,70.58055555555555,0,0,13
SCLRD_009,SCLRD_009_2,26,15,treatment,Imatinib,0.05333333333333334,mRSS,0.42962962962962964,1,0.20655911179772893,Imatinib,400,1,49,60.5,3.05,26.5,82.50363636363636,70.58055555555555,0,0,15
SCLRD_010,SCLRD_010_1,12,4,comparator,Inebilizumab,2.3,mRSS,6.1,1,4.6,placebo,0,0,47.7,57.3,5.4,24.1,83.13,75.75,0,0,4
SCLRD_010,SCLRD_010_2,12,1,treatment,Inebilizumab,-14,mRSS,0,1,-14,Inebilizumab,7,1,47.7,57.3,5.4,24.1,83.13,75.75,0,0,1
SCLRD_010,SCLRD_010_3,12,4,treatment,Inebilizumab,-6.3,mRSS,3.5,1,-12.6,Inebilizumab,21,2,47.7,57.3,5.4,24.1,83.13,75.75,0,0,4
SCLRD_010,SCLRD_010_4,12,6,treatment,Inebilizumab,-4.5,mRSS,1.5,1,-11.022703842524301,Inebilizumab,70,3,47.7,57.3,5.4,24.1,83.13,75.75,0,0,6
SCLRD_010,SCLRD_010_5,12,5,treatment,Inebilizumab,-6.6,mRSS,3,1,-14.758048651498612,Inebilizumab,210,4,47.7,57.3,5.4,24.1,83.13,75.75,0,0,5
SCLRD_010,SCLRD_010_6,12,23,treatment,Inebilizumab,-3.6,mRSS,5.7,1,-17.26499348392579,Inebilizumab,700,5,47.7,57.3,5.4,24.1,83.13,75.75,0,0,23
SCLRD_012,SCLRD_012_1,1,31,treatment,Immunoglobulin,-1.9272282352941,mRSS,6.5287841789126801,1,-10.730352687510281,Immunoglobulin,28000,1,54,77.4,5.9,28.5,82.50363636363636,70.58055555555555,0,0,31
SCLRD_012,SCLRD_012_1,4,31,treatment,Immunoglobulin,-2.9762258823529,mRSS,7.1007070428023704,1,-16.570924403496814,Immunoglobulin,28000,1,54,77.4,5.9,28.5,82.50363636363636,70.58055555555555,0,0,31
SCLRD_012,SCLRD_012_1,8,31,treatment,Immunoglobulin,-3.6836894117647,mRSS,7.0193617148417804,1,-20.50991463055778,Immunoglobulin,28000,1,54,77.4,5.9,28.5,82.50363636363636,70.58055555555555,0,0,31
SCLRD_012,SCLRD_012_1,12,31,treatment,Immunoglobulin,-3.0982023529412,mRSS,7.2332355598985201,1,-17.250060649542135,Immunoglobulin,28000,1,54,77.4,5.9,28.5,82.50363636363636,70.58055555555555,0,0,31
SCLRD_012,SCLRD_012_2,1,31,comparator,Immunoglobulin,-2.2199717647059,mRSS,6.8562495627954796,1,-12.360279678018385,placebo,0,0,54,77.4,5.9,28.5,82.50363636363636,70.58055555555555,0,0,31
SCLRD_012,SCLRD_012_2,4,31,comparator,Immunoglobulin,-3.31776,mRSS,7.3786389059255901,1,-18.47250589242293,placebo,0,0,54,77.4,5.9,28.5,82.50363636363636,70.58055555555555,0,0,31
SCLRD_012,SCLRD_012_2,8,31,comparator,Immunoglobulin,-4.3667576470588,mRSS,7.4582602461019798,1,-24.313077608409465,placebo,0,0,54,77.4,5.9,28.5,82.50363636363636,70.58055555555555,0,0,31
SCLRD_012,SCLRD_012_2,12,31,comparator,Immunoglobulin,-4.7082917647059,mRSS,8.0628569163138,1,-26.214659097335584,placebo,0,0,54,77.4,5.9,28.5,82.50363636363636,70.58055555555555,0,0,31
SCLRD_013,SCLRD_013_1,2,283,treatment,Nintedanib,0.18744142455482637,FVC,0.20618556701030694,2,3.153252828727404,Nintedanib,150,1,54,75.2,3.65,11.1,72.55,53.05,0,283,0
SCLRD_013,SCLRD_013_1,52,241,treatment,Nintedanib,-1.6545454545454548,FVC,6.5389705538792224,2,-25.68545267926659,Nintedanib,150,1,54,75.2,3.65,11.1,72.55,53.05,285,241,283
SCLRD_013,SCLRD_013_1,4,281,treatment,Nintedanib,-0.26241799437675695,FVC,0.24367385192127425,2,-4.3989271714969576,Nintedanib,150,1,54,75.2,3.65,11.1,72.55,53.05,0,281,0
SCLRD_013,SCLRD_013_1,52,283,treatment,Nintedanib,-2.17,mRSS,4.5820519420888282,1,-36.50505033553576,Nintedanib,150,1,54,75.2,3.65,11.1,72.55,53.05,285,241,283
SCLRD_013,SCLRD_013_1,6,278,treatment,Nintedanib,-0.26241799437675695,FVC,0.24367385192127425,2,-4.375382343157687,Nintedanib,150,1,54,75.2,3.65,11.1,72.55,53.05,0,278,0
SCLRD_013,SCLRD_013_1,12,273,treatment,Nintedanib,-0.6747891283973757,FVC,0.26241799437675761,2,-11.149346187570737,Nintedanib,150,1,54,75.2,3.65,11.1,72.55,53.05,0,273,0
SCLRD_013,SCLRD_013_1,24,280,treatment,Nintedanib,-0.656044985941891,FVC,0.33739456419868785,2,-10.977732306913795,Nintedanib,150,1,54,75.2,3.65,11.1,72.55,53.05,0,280,0
SCLRD_013,SCLRD_013_1,36,262,treatment,Nintedanib,-0.8059981255857545,FVC,0.33739456419869085,2,-13.046219389283259,Nintedanib,150,1,54,75.2,3.65,11.1,72.55,53.05,0,262,0
SCLRD_013,SCLRD_013_1,52,285,treatment,Nintedanib,-3.21,DLCO,9.1162492287124319,3,-54.19103708179057,Nintedanib,150,1,54,75.2,3.65,11.1,72.55,53.05,285,241,283
SCLRD_013,SCLRD_013_2,6,283,comparator,Nintedanib,-0.9184629803186484,FVC,0.2624179943767575,2,-15.450938860764266,placebo,0,0,54,75.2,3.65,11.1,72.55,53.05,0,283,0
SCLRD_013,SCLRD_013_2,12,265,comparator,Nintedanib,-1.0309278350515454,FVC,0.29990627928772107,2,-16.782289274329578,placebo,0,0,54,75.2,3.65,11.1,72.55,53.05,0,265,0
SCLRD_013,SCLRD_013_2,24,280,comparator,Nintedanib,-2.024367385192127,FVC,0.31865042174320579,2,-33.87414540419124,placebo,0,0,54,75.2,3.65,11.1,72.55,53.05,0,280,0
SCLRD_013,SCLRD_013_2,36,268,comparator,Nintedanib,-2.492970946579194,FVC,0.33739456419868757,2,-40.81169329555898,placebo,0,0,54,75.2,3.65,11.1,72.55,53.05,0,268,0
SCLRD_013,SCLRD_013_2,52,284,comparator,Nintedanib,-2.77,DLCO,9.1002417550304688,3,-46.68086974339703,placebo,0,0,54,75.2,3.65,11.1,72.55,53.05,284,257,283
SCLRD_013,SCLRD_013_2,2,283,comparator,Nintedanib,-0.16869728209934393,FVC,0.22492970946579185,2,-2.837927545854667,placebo,0,0,54,75.2,3.65,11.1,72.55,53.05,0,283,0
SCLRD_013,SCLRD_013_2,52,257,comparator,Nintedanib,-3.0606060606060606,FVC,6.6068056293814248,2,-49.065247688788524,placebo,0,0,54,75.2,3.65,11.1,72.55,53.05,284,257,283
SCLRD_013,SCLRD_013_2,4,281,comparator,Nintedanib,-0.543580131208997,FVC,0.24367385192127278,2,-9.112063426672275,placebo,0,0,54,75.2,3.65,11.1,72.55,53.05,0,281,0
SCLRD_013,SCLRD_013_2,52,283,comparator,Nintedanib,-1.96,mRSS,4.3969989765748183,1,-32.97230352887102,placebo,0,0,54,75.2,3.65,11.1,72.55,53.05,284,257,283
SCLRD_014,SCLRD_014_1,3,12,treatment,Rilonacept,-1.17,mRSS,100,1,-4.052998889711172,Rilonacept,160,1,50.6,43.5,1.75,29.77,82.50363636363636,70.58055555555555,0,0,12
SCLRD_014,SCLRD_014_1,6,12,treatment,Rilonacept,-0.67,mRSS,100,1,-2.3209480821422956,Rilonacept,160,1,50.6,43.5,1.75,29.77,82.50363636363636,70.58055555555555,0,0,12
SCLRD_014,SCLRD_014_1,12,12,treatment,Rilonacept,1.33,mRSS,100,1,4.607255148133214,Rilonacept,160,1,50.6,43.5,1.75,29.77,82.50363636363636,70.58055555555555,0,0,12
SCLRD_014,SCLRD_014_2,3,7,comparator,Rilonacept,-1.57,mRSS,100,1,-4.153829558371408,placebo,0,0,50.6,43.5,1.75,29.77,82.50363636363636,70.58055555555555,0,0,7
SCLRD_014,SCLRD_014_2,6,7,comparator,Rilonacept,-0.4,mRSS,100,1,-1.0583005244258363,placebo,0,0,50.6,43.5,1.75,29.77,82.50363636363636,70.58055555555555,0,0,7
SCLRD_014,SCLRD_014_2,12,7,comparator,Rilonacept,0.6,mRSS,100,1,1.5874507866387544,placebo,0,0,50.6,43.5,1.75,29.77,82.50363636363636,70.58055555555555,0,0,7
SCLRD_015,SCLRD_015_1,13.035,8,treatment,Rituximab,0.5,mRSS,NA,1,1.4142135623730951,Rituximab,1000,1,40.5,87.5,2.53,15.2,94.95,69.7,0,0,8
SCLRD_015,SCLRD_015_1,26,8,treatment,Rituximab,-1.743295019157087,FVC,NA,2,-4.930782918618834,Rituximab,1000,1,40.5,87.5,2.53,15.2,94.95,69.7,0,8,0
SCLRD_015,SCLRD_015_1,26.07,8,treatment,Rituximab,-1,mRSS,NA,1,-2.8284271247461903,Rituximab,1000,1,40.5,87.5,2.53,15.2,94.95,69.7,0,0,8
SCLRD_015,SCLRD_015_1,52,8,treatment,Rituximab,0.7,DLCO,100,3,1.9798989873223332,Rituximab,1000,1,40.5,87.5,2.53,15.2,94.95,69.7,8,8,0
SCLRD_015,SCLRD_015_1,39.105,8,treatment,Rituximab,-1,mRSS,NA,1,-2.8284271247461903,Rituximab,1000,1,40.5,87.5,2.53,15.2,94.95,69.7,0,0,8
SCLRD_015,SCLRD_015_1,52,8,treatment,Rituximab,4.7,FVC,100,2,13.293607486307096,Rituximab,1000,1,40.5,87.5,2.53,15.2,94.95,69.7,8,8,0
SCLRD_015,SCLRD_015_1,52.14,8,treatment,Rituximab,-3.6999999999999997,mRSS,NA,1,-10.465180361560904,Rituximab,1000,1,40.5,87.5,2.53,15.2,94.95,69.7,0,0,8
SCLRD_015,SCLRD_015_1,78,8,treatment,Rituximab,4.3103448275862055,FVC,NA,2,12.191496227354264,Rituximab,1000,1,40.5,87.5,2.53,15.2,94.95,69.7,0,8,0
SCLRD_015,SCLRD_015_1,78.21,8,treatment,Rituximab,-2.5,mRSS,NA,1,-7.0710678118654755,Rituximab,1000,1,40.5,87.5,2.53,15.2,94.95,69.7,0,0,8
SCLRD_015,SCLRD_015_1,104,8,treatment,Rituximab,-6,DLCO,100,3,-16.970562748477143,Rituximab,1000,1,40.5,87.5,2.53,15.2,94.95,69.7,8,8,0
SCLRD_015,SCLRD_015_1,104.28,8,treatment,Rituximab,-4.433333333333334,mRSS,NA,1,-12.539360253041444,Rituximab,1000,1,40.5,87.5,2.53,15.2,94.95,69.7,0,0,8
SCLRD_015,SCLRD_015_1,104,8,treatment,Rituximab,4,FVC,100,2,11.313708498984761,Rituximab,1000,1,40.5,87.5,2.53,15.2,94.95,69.7,8,8,0
SCLRD_015,SCLRD_015_2,26,8,comparator,Rituximab,-0.24904214559386992,FVC,NA,2,-0.7043975598026916,placebo,0,0,40.5,87.5,2.53,15.2,94.95,69.7,0,8,0
SCLRD_015,SCLRD_015_2,52,8,comparator,Rituximab,0.3,FVC,100,2,0.848528137423857,placebo,0,0,40.5,87.5,2.53,15.2,94.95,69.7,8,8,0
SCLRD_015,SCLRD_015_2,26.07,8,comparator,Rituximab,-0.5,mRSS,NA,1,-1.4142135623730951,placebo,0,0,40.5,87.5,2.53,15.2,94.95,69.7,0,0,8
SCLRD_015,SCLRD_015_2,52,8,comparator,Rituximab,-0.3,DLCO,100,3,-0.848528137423857,placebo,0,0,40.5,87.5,2.53,15.2,94.95,69.7,8,8,0
SCLRD_015,SCLRD_015_2,39.105,8,comparator,Rituximab,-2.1666666666666665,mRSS,NA,1,-6.128258770283412,placebo,0,0,40.5,87.5,2.53,15.2,94.95,69.7,0,0,8
SCLRD_015,SCLRD_015_2,104,8,comparator,Rituximab,-2.2,DLCO,100,3,-6.222539674441619,placebo,0,0,40.5,87.5,2.53,15.2,94.95,69.7,8,8,0
SCLRD_015,SCLRD_015_2,52.14,8,comparator,Rituximab,-1.9333333333333336,mRSS,NA,1,-5.468292441175969,placebo,0,0,40.5,87.5,2.53,15.2,94.95,69.7,0,0,8
SCLRD_015,SCLRD_015_2,78,8,comparator,Rituximab,0.67049808429119,FVC,NA,2,1.896454968699559,placebo,0,0,40.5,87.5,2.53,15.2,94.95,69.7,0,8,0
SCLRD_015,SCLRD_015_2,78.21,8,comparator,Rituximab,-1,mRSS,NA,1,-2.8284271247461903,placebo,0,0,40.5,87.5,2.53,15.2,94.95,69.7,0,0,8
SCLRD_015,SCLRD_015_2,13.035,8,comparator,Rituximab,-0.5,mRSS,NA,1,-1.4142135623730951,placebo,0,0,40.5,87.5,2.53,15.2,94.95,69.7,0,0,8
SCLRD_015,SCLRD_015_2,104.28,8,comparator,Rituximab,-3.633333333333333,mRSS,NA,1,-10.27661855324449,placebo,0,0,40.5,87.5,2.53,15.2,94.95,69.7,0,0,8
SCLRD_015,SCLRD_015_2,104,8,comparator,Rituximab,-1.4,FVC,100,2,-3.9597979746446663,placebo,0,0,40.5,87.5,2.53,15.2,94.95,69.7,8,8,0
SCLRD_016,SCLRD_016_1,24,27,treatment,Rituximab,-1.36,DLCO,6.47,3,-7.06676729488102,Rituximab,648.75,1,48.7,90.8,10.08,15.05,88.65,82.35,27,27,27
SCLRD_016,SCLRD_016_1,24,27,treatment,Rituximab,0.02,FVC,3.18,2,0.10392304845413264,Rituximab,648.75,1,48.7,90.8,10.08,15.05,88.65,82.35,27,27,27
SCLRD_016,SCLRD_016_1,24,27,treatment,Rituximab,-5.81,mRSS,3.16,1,-30.189645575925532,Rituximab,648.75,1,48.7,90.8,10.08,15.05,88.65,82.35,27,27,27
SCLRD_016,SCLRD_016_2,24,22,comparator,Rituximab,-2.73,DLCO,9.17,3,-12.804835024317963,placebo,0,0,48.7,90.8,10.08,15.05,88.65,82.35,22,22,22
SCLRD_016,SCLRD_016_2,24,22,comparator,Rituximab,-2.6,FVC,6.62,2,-12.195080975540918,placebo,0,0,48.7,90.8,10.08,15.05,88.65,82.35,22,22,22
SCLRD_016,SCLRD_016_2,24,22,comparator,Rituximab,2.14,mRSS,5.51,1,10.037489726022141,placebo,0,0,48.7,90.8,10.08,15.05,88.65,82.35,22,22,22
SCLRD_018,SCLRD_018_1,24,27,treatment,Rituximab,-0.3,DLCO,5.3520369953878308,3,-1.5588457268119895,Rituximab,1000,1,58.2,91.3,3.343703703703704,22.6052,82.50363636363636,45.25,27,0,0
SCLRD_018,SCLRD_018_1,48,27,treatment,Rituximab,-0.5,DLCO,10.704073990775662,3,-2.598076211353316,Rituximab,1000,1,58.2,91.3,3.343703703703704,22.6052,82.50363636363636,45.25,27,0,0
SCLRD_018,SCLRD_018_2,24,27,comparator,Rituximab,0.4,DLCO,4.9363448015713001,3,2.078460969082653,placebo,0,0,58.2,91.3,3.343703703703704,22.6052,82.50363636363636,45.25,27,0,0
SCLRD_018,SCLRD_018_2,48,27,comparator,Rituximab,0.7,DLCO,9.8207280789155345,3,3.637306695894642,placebo,0,0,58.2,91.3,3.343703703703704,22.6052,82.50363636363636,45.25,27,0,0
SCLRD_019,SCLRD_019_1,13,9,treatment,Rituximab,3.808,DLCO,15.529500000000001,3,11.424,Rituximab,648.75,1,47,89.4,7.95,22.6052,71.2,54.8,9,9,0
SCLRD_019,SCLRD_019_1,104,9,treatment,Rituximab,14.214,FVC,15.1958248062015,2,42.642,Rituximab,648.75,1,47,89.4,7.95,22.6052,71.2,54.8,9,9,0
SCLRD_019,SCLRD_019_1,13,9,treatment,Rituximab,2.691,FVC,14.209140310077499,2,8.073,Rituximab,648.75,1,47,89.4,7.95,22.6052,71.2,54.8,9,9,0
SCLRD_019,SCLRD_019_1,26,9,treatment,Rituximab,4.4352,DLCO,15.8780586206897,3,13.3056,Rituximab,648.75,1,47,89.4,7.95,22.6052,71.2,54.8,9,9,0
SCLRD_019,SCLRD_019_1,26,9,treatment,Rituximab,4.554,FVC,14.275623255814001,2,13.662,Rituximab,648.75,1,47,89.4,7.95,22.6052,71.2,54.8,9,9,0
SCLRD_019,SCLRD_019_1,52,9,treatment,Rituximab,9.6768,DLCO,16.620372413793099,3,29.0304,Rituximab,648.75,1,47,89.4,7.95,22.6052,71.2,54.8,9,9,0
SCLRD_019,SCLRD_019_1,52,9,treatment,Rituximab,7.245,FVC,14.972670542635599,2,21.735,Rituximab,648.75,1,47,89.4,7.95,22.6052,71.2,54.8,9,9,0
SCLRD_019,SCLRD_019_1,104,9,treatment,Rituximab,15.232,DLCO,16.446620689655202,3,45.696,Rituximab,648.75,1,47,89.4,7.95,22.6052,71.2,54.8,9,9,0
SCLRD_019,SCLRD_019_2,13,30,comparator,Rituximab,1.7616,FVC,14.0620589147287,2,9.648680573011006,placebo,0,0,47,89.4,7.95,22.6052,71.2,54.8,30,30,0
SCLRD_019,SCLRD_019_2,26,30,comparator,Rituximab,-0.96827586206896,DLCO,16.145057471264401,3,-5.303465315429302,placebo,0,0,47,89.4,7.95,22.6052,71.2,54.8,30,30,0
SCLRD_019,SCLRD_019_2,26,30,comparator,Rituximab,1.30868217054263,FVC,14.104728682170499,2,7.167947454110212,placebo,0,0,47,89.4,7.95,22.6052,71.2,54.8,30,30,0
SCLRD_019,SCLRD_019_2,52,30,comparator,Rituximab,-2.0855172413793,DLCO,16.381149425287401,3,-11.42284837169389,placebo,0,0,47,89.4,7.95,22.6052,71.2,54.8,30,30,0
SCLRD_019,SCLRD_019_2,52,30,comparator,Rituximab,2.44666666666666,FVC,14.395658914728701,2,13.400945240293028,placebo,0,0,47,89.4,7.95,22.6052,71.2,54.8,30,30,0
SCLRD_019,SCLRD_019_2,104,30,comparator,Rituximab,-1.11724137931034,DLCO,16.254022988505699,3,-6.119383056264588,placebo,0,0,47,89.4,7.95,22.6052,71.2,54.8,30,30,0
SCLRD_019,SCLRD_019_2,13,30,comparator,Rituximab,0.819310344827584,DLCO,16.072413793103401,3,4.487547574594038,placebo,0,0,47,89.4,7.95,22.6052,71.2,54.8,30,30,0
SCLRD_019,SCLRD_019_2,104,30,comparator,Rituximab,0.796589147286816,FVC,14.427984496123999,2,4.363098450327943,placebo,0,0,47,89.4,7.95,22.6052,71.2,54.8,30,30,0
SCLRD_020,SCLRD_020_1,26,30,treatment,Rituximab,6.219999999999999,FVC,13.59,2,34.06834307682133,Rituximab,1000,1,35.6,83,1.86,22.8,60.27,70.58055555555555,0,30,30
SCLRD_020,SCLRD_020_1,26,30,treatment,Rituximab,-9.67,mRSS,10.14,1,-52.96477131074956,Rituximab,1000,1,35.6,83,1.86,22.8,60.27,70.58055555555555,0,30,30
SCLRD_020,SCLRD_020_2,26,30,comparator,Rituximab,-1.1799999999999997,FVC,11.23,2,-6.463126178560959,placebo,0,0,35.6,83,1.86,22.8,60.27,70.58055555555555,0,30,30
SCLRD_020,SCLRD_020_2,26,30,comparator,Rituximab,-5.5,mRSS,7.69,1,-30.124740662784138,placebo,0,0,35.6,83,1.86,22.8,60.27,70.58055555555555,0,30,30
SCLRD_021,SCLRD_021_1,48,8,treatment,Rituximab,9.75,DLCO,23.21,3,27.577164466275356,Rituximab,648.75,1,55.5,74.3258064516129,7.6,12.5,77.06,58.79,8,8,8
SCLRD_021,SCLRD_021_1,48,8,treatment,Rituximab,7.5,FVC,19.73,2,21.213203435596427,Rituximab,648.75,1,55.5,74.3258064516129,7.6,12.5,77.06,58.79,8,8,8
SCLRD_021,SCLRD_021_1,48,8,treatment,Rituximab,-5.130000000000001,mRSS,6.45,1,-14.509831149947958,Rituximab,648.75,1,55.5,74.3258064516129,7.6,12.5,77.06,58.79,8,8,8
SCLRD_021,SCLRD_021_2,48,6,comparator,Rituximab,-5.159999999999997,DLCO,23.69,3,-12.639367072761189,placebo,0,0,55.5,74.3258064516129,7.6,12.5,77.06,58.79,6,6,6
SCLRD_021,SCLRD_021_2,48,6,comparator,Rituximab,-4.329999999999998,FVC,20.69,2,-10.606290586251156,placebo,0,0,55.5,74.3258064516129,7.6,12.5,77.06,58.79,6,6,6
SCLRD_021,SCLRD_021_2,48,6,comparator,Rituximab,-1.8399999999999999,mRSS,3.38,1,-4.507061126721047,placebo,0,0,55.5,74.3258064516129,7.6,12.5,77.06,58.79,6,6,6
SCLRD_022,SCLRD_022_1,12,47,comparator,Romilkimab,-2.91,mRSS,0.59000000000001007,1,-19.94995488716704,placebo,0,0,49.8,79.5,1.68,20.55,92.8,69.45,47,46,47
SCLRD_022,SCLRD_022_1,12,47,comparator,Romilkimab,-0.21,DLCO,9.0434782608696002E-2,3,-1.4396874660842192,placebo,0,0,49.8,79.5,1.68,20.55,92.8,69.45,47,46,47
SCLRD_022,SCLRD_022_1,12,46,comparator,Romilkimab,-1.5151515151515151,FVC,1.2082853855005757,2,-10.2762575501898,placebo,0,0,49.8,79.5,1.68,20.55,92.8,69.45,47,46,47
SCLRD_022,SCLRD_022_1,24,46,comparator,Romilkimab,-0.27,DLCO,0.67823299831252681,3,-1.8312290954438226,placebo,0,0,49.8,79.5,1.68,20.55,92.8,69.45,46,47,47
SCLRD_022,SCLRD_022_1,8,48,comparator,Romilkimab,-1.6,mRSS,0.48,1,-11.085125168440815,placebo,0,0,49.8,79.5,1.68,20.55,92.8,69.45,0,0,48
SCLRD_022,SCLRD_022_1,24,47,comparator,Romilkimab,-2.4242424242424243,FVC,8.3098843641224782,2,-16.619768728244956,placebo,0,0,49.8,79.5,1.68,20.55,92.8,69.45,46,47,47
SCLRD_022,SCLRD_022_1,4,48,comparator,Romilkimab,-1.01,mRSS,0.37000000000000099,1,-6.997485262578264,placebo,0,0,49.8,79.5,1.68,20.55,92.8,69.45,0,0,48
SCLRD_022,SCLRD_022_1,24,47,comparator,Romilkimab,-2.45,mRSS,5.8889727457341827,1,-16.79635377098256,placebo,0,0,49.8,79.5,1.68,20.55,92.8,69.45,46,47,47
SCLRD_022,SCLRD_022_2,4,48,treatment,Romilkimab,-1.21,mRSS,0.39000000000000101,1,-8.383125908633366,Romilkimab,200,1,49.8,79.5,1.68,20.55,92.8,69.45,0,0,48
SCLRD_022,SCLRD_022_2,24,48,treatment,Romilkimab,-4.76,mRSS,5.8958629563448977,1,-32.97824737611142,Romilkimab,200,1,49.8,79.5,1.68,20.55,92.8,69.45,47,47,48
SCLRD_022,SCLRD_022_2,8,47,treatment,Romilkimab,-2.53,mRSS,0.49000000000000998,1,-17.34480613901464,Romilkimab,200,1,49.8,79.5,1.68,20.55,92.8,69.45,0,0,47
SCLRD_022,SCLRD_022_2,12,47,treatment,Romilkimab,0.04,DLCO,9.2608695652172973E-2,3,0.27422618401604176,Romilkimab,200,1,49.8,79.5,1.68,20.55,92.8,69.45,47,46,47
SCLRD_022,SCLRD_022_2,12,47,treatment,Romilkimab,-3.84,mRSS,0.58000000000000007,1,-26.325713665540007,Romilkimab,200,1,49.8,79.5,1.68,20.55,92.8,69.45,47,46,47
SCLRD_022,SCLRD_022_2,24,47,treatment,Romilkimab,-0.12,DLCO,0.68556546004010444,3,-0.8226785520481252,Romilkimab,200,1,49.8,79.5,1.68,20.55,92.8,69.45,47,47,48
SCLRD_022,SCLRD_022_2,12,46,treatment,Romilkimab,1.2121212121212122,FVC,1.1660912926735696,2,8.22100604015184,Romilkimab,200,1,49.8,79.5,1.68,20.55,92.8,69.45,47,46,47
SCLRD_022,SCLRD_022_2,24,47,treatment,Romilkimab,-0.30303030303030304,FVC,8.3098843641224782,2,-2.0774710910306196,Romilkimab,200,1,49.8,79.5,1.68,20.55,92.8,69.45,47,47,48
SCLRD_023,SCLRD_023_1,8,81,comparator,Tocilizumab,-2.13043478260869,mRSS,3.8127090301003381,1,-19.17391304347821,placebo,0,0,48.1,81.4,1.89,20.35,82.1,75.6,0,78,81
SCLRD_023,SCLRD_023_1,16,83,comparator,Tocilizumab,-2.82608695652173,mRSS,4.8751484035554524,1,-25.746877506277283,placebo,0,0,48.1,81.4,1.89,20.35,82.1,75.6,0,77,83
SCLRD_023,SCLRD_023_1,36,81,comparator,Tocilizumab,-4.7391304347826,mRSS,7.0234113712374491,1,-42.652173913043406,placebo,0,0,48.1,81.4,1.89,20.35,82.1,75.6,0,77,81
SCLRD_023,SCLRD_023_1,8,78,comparator,Tocilizumab,-1.23636363636363,FVC,5.9290142878844003,2,-10.9192679801871,placebo,0,0,48.1,81.4,1.89,20.35,82.1,75.6,0,78,81
SCLRD_023,SCLRD_023_1,48,82,comparator,Tocilizumab,-5.3,mRSS,7.8700824997952301,1,-47.99354123212831,placebo,0,0,48.1,81.4,1.89,20.35,82.1,75.6,87,78,82
SCLRD_023,SCLRD_023_1,24,78,comparator,Tocilizumab,-2.03636363636363,FVC,6.4230988118747687,2,-17.98467667324938,placebo,0,0,48.1,81.4,1.89,20.35,82.1,75.6,0,78,82
SCLRD_023,SCLRD_023_1,48,78,comparator,Tocilizumab,-4.1,FVC,8.3619626560324321,2,-36.21021955194417,placebo,0,0,48.1,81.4,1.89,20.35,82.1,75.6,87,78,82
SCLRD_023,SCLRD_023_1,16,77,comparator,Tocilizumab,-2.47272727272727,FVC,6.7090636808032889,2,-21.698093757915043,placebo,0,0,48.1,81.4,1.89,20.35,82.1,75.6,0,77,83
SCLRD_023,SCLRD_023_1,48,87,comparator,Tocilizumab,-2.8,DLCO,11.958178273190791,3,-26.116661348648684,placebo,0,0,48.1,81.4,1.89,20.35,82.1,75.6,87,78,82
SCLRD_023,SCLRD_023_1,36,77,comparator,Tocilizumab,-3.56363636363636,FVC,9.1635991737801348,2,-31.270782180524623,placebo,0,0,48.1,81.4,1.89,20.35,82.1,75.6,0,77,81
SCLRD_023,SCLRD_023_1,24,82,comparator,Tocilizumab,-4.08695652173913,mRSS,5.6533062177892628,1,-37.00896534717031,placebo,0,0,48.1,81.4,1.89,20.35,82.1,75.6,0,78,82
SCLRD_023,SCLRD_023_2,24,85,treatment,Tocilizumab,-4.60869565217391,mRSS,4.3168435585986806,1,-42.490074455349806,Tocilizumab,162,1,48.1,81.4,1.89,20.35,82.1,75.6,0,79,85
SCLRD_023,SCLRD_023_2,16,85,treatment,Tocilizumab,-3.17391304347826,mRSS,3.7001516216560373,1,-29.26203240792959,Tocilizumab,162,1,48.1,81.4,1.89,20.35,82.1,75.6,0,83,85
SCLRD_023,SCLRD_023_2,8,84,treatment,Tocilizumab,-2.08695652173913,mRSS,3.6783216280582272,1,-19.12727246590263,Tocilizumab,162,1,48.1,81.4,1.89,20.35,82.1,75.6,0,82,84
SCLRD_023,SCLRD_023_2,36,85,treatment,Tocilizumab,-6.30434782608695,mRSS,4.93353549554132,1,-58.1232150568464,Tocilizumab,162,1,48.1,81.4,1.89,20.35,82.1,75.6,0,81,85
SCLRD_023,SCLRD_023_2,8,82,treatment,Tocilizumab,-0.509090909090909,FVC,4.2216247730244323,2,-4.610014252142685,Tocilizumab,162,1,48.1,81.4,1.89,20.35,82.1,75.6,0,82,84
SCLRD_023,SCLRD_023_2,36,81,treatment,Tocilizumab,0.436363636363636,FVC,7.2167832167832184,2,3.927272727272724,Tocilizumab,162,1,48.1,81.4,1.89,20.35,82.1,75.6,0,81,85
SCLRD_023,SCLRD_023_2,48,81,treatment,Tocilizumab,-0.5,DLCO,10.615384615384615,3,-4.5,Tocilizumab,162,1,48.1,81.4,1.89,20.35,82.1,75.6,81,82,85
SCLRD_023,SCLRD_023_2,48,82,treatment,Tocilizumab,-0.2,FVC,6.960771077315755,2,-1.8110770276274835,Tocilizumab,162,1,48.1,81.4,1.89,20.35,82.1,75.6,81,82,85
SCLRD_023,SCLRD_023_2,16,83,treatment,Tocilizumab,0.399999999999999,FVC,4.9268545229871101,2,3.644173431657711,Tocilizumab,162,1,48.1,81.4,1.89,20.35,82.1,75.6,0,83,85
SCLRD_023,SCLRD_023_2,48,85,treatment,Tocilizumab,-6.7,mRSS,6.5659052011974026,1,-61.77094786386235,Tocilizumab,162,1,48.1,81.4,1.89,20.35,82.1,75.6,81,82,85
SCLRD_023,SCLRD_023_2,24,79,treatment,Tocilizumab,-0.145454545454545,FVC,6.1326469639287025,2,-1.2928282788822634,Tocilizumab,162,1,48.1,81.4,1.89,20.35,82.1,75.6,0,79,85
SCLRD_024,SCLRD_024_1,8,43,comparator,Tocilizumab,-1.08695652173913,mRSS,5.5559122390964504,1,-7.127650569893476,placebo,0,0,49.5,77,1.55,26,81,73.5,0,0,43
SCLRD_024,SCLRD_024_1,24,38,comparator,Tocilizumab,-4.1,mRSS,13.2771993910101,1,-25.2740974121728,placebo,0,0,49.5,77,1.55,26,81,73.5,0,0,38
SCLRD_024,SCLRD_024_1,40,33,comparator,Tocilizumab,-2.78260869565217,mRSS,7.3007819588108624,1,-15.98486997297536,placebo,0,0,49.5,77,1.55,26,81,73.5,0,0,33
SCLRD_024,SCLRD_024_1,48,31,comparator,Tocilizumab,-0.03,DLCO,0.11421055103241071,3,-0.16703293088490065,placebo,0,0,49.5,77,1.55,26,81,73.5,31,32,33
SCLRD_024,SCLRD_024_1,16,41,comparator,Tocilizumab,-2.13043478260869,mRSS,6.7100744517133348,1,-13.641438592791685,placebo,0,0,49.5,77,1.55,26,81,73.5,0,0,41
SCLRD_024,SCLRD_024_1,3,43,comparator,Tocilizumab,-1.08695652173913,mRSS,3.3627889868215379,1,-7.127650569893476,placebo,0,0,49.5,77,1.55,26,81,73.5,0,0,43
SCLRD_024,SCLRD_024_1,48,32,comparator,Tocilizumab,-0.06,FVC,8.7028526915267398E-2,2,-0.33941125496954283,placebo,0,0,49.5,77,1.55,26,81,73.5,31,32,33
SCLRD_024,SCLRD_024_1,48,33,comparator,Tocilizumab,-5.6,mRSS,6.481045037119828,1,-32.16955082061296,placebo,0,0,49.5,77,1.55,26,81,73.5,31,32,33
SCLRD_024,SCLRD_024_1,32,34,comparator,Tocilizumab,-3.95652173913043,mRSS,7.6705944659057543,1,-23.070287931779205,placebo,0,0,49.5,77,1.55,26,81,73.5,0,0,34
SCLRD_024,SCLRD_024_2,3,39,treatment,Tocilizumab,-1.52173913043478,mRSS,6.4051261522034766,1,-9.50325782364972,Tocilizumab,162,1,49.5,77,1.55,26,81,73.5,0,0,39
SCLRD_024,SCLRD_024_2,48,30,treatment,Tocilizumab,-0.02,FVC,5.6176672564632428E-2,2,-0.10954451150103323,Tocilizumab,162,1,49.5,77,1.55,26,81,73.5,27,30,32
SCLRD_024,SCLRD_024_2,8,41,treatment,Tocilizumab,-1.91304347826086,mRSS,5.8534692025584274,1,-12.249455062914954,Tocilizumab,162,1,49.5,77,1.55,26,81,73.5,0,0,41
SCLRD_024,SCLRD_024_2,24,37,treatment,Tocilizumab,-2.1,mRSS,1.2477461600611737,1,-12.773801313626262,Tocilizumab,162,1,49.5,77,1.55,26,81,73.5,0,0,37
SCLRD_024,SCLRD_024_2,16,37,treatment,Tocilizumab,-3.21739130434782,mRSS,5.9674816350751767,1,-19.570627271394233,Tocilizumab,162,1,49.5,77,1.55,26,81,73.5,0,0,37
SCLRD_024,SCLRD_024_2,48,27,treatment,Tocilizumab,-0.03,DLCO,7.994080650317896E-2,3,-0.15588457268119896,Tocilizumab,162,1,49.5,77,1.55,26,81,73.5,27,30,32
SCLRD_024,SCLRD_024_2,40,32,treatment,Tocilizumab,-5.04347826086956,mRSS,8.1983394920179453,1,-28.53022143222241,Tocilizumab,162,1,49.5,77,1.55,26,81,73.5,0,0,32
SCLRD_024,SCLRD_024_2,32,33,treatment,Tocilizumab,-5.04347826086956,mRSS,7.5569497468393303,1,-28.972576826017853,Tocilizumab,162,1,49.5,77,1.55,26,81,73.5,0,0,33
SCLRD_024,SCLRD_024_2,48,32,treatment,Tocilizumab,-3.1,mRSS,9.2830428709618555,1,-17.53624817342638,Tocilizumab,162,1,49.5,77,1.55,26,81,73.5,27,30,32
SCLRD_026,SCLRD_026_1,26,7,treatment,Tocilizumab,-6.3,mRSS,4.2259259259259299,1,-16.66823325970692,Tocilizumab,560,1,48.2,78.6,7,25.6,76.3,51.65,0,0,7
SCLRD_026,SCLRD_026_2,26,6,comparator,Tocilizumab,-3.4,mRSS,1.4740740740740799,1,-8.328265125462805,placebo,0,0,48.2,78.6,7,25.6,76.3,51.65,0,0,6
SCLRD_027,SCLRD_027_1,6,10,treatment,Tofacitinib,-1.45833333333333,mRSS,2.135416666666663,1,-4.611654921078876,Tofacitinib,5,1,53.1,65,2.2,23.55,87.25,87.2,0,0,10
SCLRD_027,SCLRD_027_1,24,10,treatment,Tofacitinib,1.1666666666666667,FVC,5.9259259259259256,2,3.6893239368631097,Tofacitinib,5,1,53.1,65,2.2,23.55,87.25,87.2,0,10,10
SCLRD_027,SCLRD_027_1,12,10,treatment,Tofacitinib,-2.5,mRSS,2.552083333333333,1,-7.905694150420949,Tofacitinib,5,1,53.1,65,2.2,23.55,87.25,87.2,0,0,10
SCLRD_027,SCLRD_027_1,24,10,treatment,Tofacitinib,-4.166666666666667,mRSS,3.7037037037037033,1,-13.17615691736825,Tofacitinib,5,1,53.1,65,2.2,23.55,87.25,87.2,0,10,10
SCLRD_027,SCLRD_027_2,12,4,comparator,Tofacitinib,0.677083333333333,mRSS,3.8020833333333268,1,1.354166666666666,placebo,0,0,53.1,65,2.2,23.55,87.25,87.2,0,0,4
SCLRD_027,SCLRD_027_2,24,4,comparator,Tofacitinib,5.5,FVC,5.5555555555555554,2,11,placebo,0,0,53.1,65,2.2,23.55,87.25,87.2,0,4,4
SCLRD_027,SCLRD_027_2,6,4,comparator,Tofacitinib,0.520833333333333,mRSS,3.0208333333333268,1,1.041666666666666,placebo,0,0,53.1,65,2.2,23.55,87.25,87.2,0,0,4
SCLRD_027,SCLRD_027_2,24,4,comparator,Tofacitinib,-2.5,mRSS,7.4074074074074066,1,-5,placebo,0,0,53.1,65,2.2,23.55,87.25,87.2,0,4,4
SCLRD_028,SCLRD_028_1,26,33,treatment,Tofacitinib,-11.27,mRSS,3.89,1,-64.74122102648359,Tofacitinib,5,1,48.3,89.5,2.88,22.6052,82.50363636363636,70.58055555555555,0,0,33
SCLRD_028,SCLRD_028_1,52,32,treatment,Tofacitinib,-13,mRSS,3.48,1,-73.53910524340095,Tofacitinib,5,1,48.3,89.5,2.88,22.6052,82.50363636363636,70.58055555555555,0,0,32
SCLRD_028,SCLRD_028_2,26,33,comparator,Tofacitinib,-2.27,mRSS,2.3199999999999998,1,-13.040157207641325,placebo,0,0,48.3,89.5,2.88,22.6052,82.50363636363636,70.58055555555555,0,0,33
SCLRD_028,SCLRD_028_2,52,31,comparator,Tofacitinib,-2.57,mRSS,2.88,1,-14.309154412473154,placebo,0,0,48.3,89.5,2.88,22.6052,82.50363636363636,70.58055555555555,0,0,31
SCLRD_029,SCLRD_029_1,12,9,treatment,Asengeprast,-3.7,mRSS,4.3,1,-11.100000000000001,Asengeprast,200,1,50.20645161290322,73.3,3.343703703703704,22.6052,82.50363636363636,70.58055555555555,0,9,9
SCLRD_029,SCLRD_029_1,12,9,treatment,Asengeprast,-2,FVC,2.2400000000000002,2,-6,Asengeprast,200,1,50.20645161290322,73.3,3.343703703703704,22.6052,82.50363636363636,70.58055555555555,0,9,9
SCLRD_029,SCLRD_029_3,12,9,comparator,Asengeprast,-2.7,mRSS,3.53,1,-8.100000000000001,placebo,0,0,50.20645161290322,73.3,3.343703703703704,22.6052,82.50363636363636,70.58055555555555,0,9,9
SCLRD_030,SCLRD_030_1,12,3,treatment,Bortezomib,3,mRSS,2.65,1,5.196152422706632,Bortezomib,2.2490000000000001,1,55.8,58.4,3.343703703703704,22.6052,82.50363636363636,70.58055555555555,0,3,3
SCLRD_030,SCLRD_030_1,12,3,treatment,Bortezomib,0.51,FVC,0.55000000000000004,2,0.8833459118601273,Bortezomib,2.2490000000000001,1,55.8,58.4,3.343703703703704,22.6052,82.50363636363636,70.58055555555555,0,3,3
SCLRD_030,SCLRD_030_2,12,3,comparator,Bortezomib,0.33,mRSS,0.57999999999999996,1,0.5715767664977295,placebo,0,0,55.8,58.4,3.343703703703704,22.6052,82.50363636363636,70.58055555555555,0,3,3
SCLRD_030,SCLRD_030_2,12,3,comparator,Bortezomib,0.69,FVC,1.02,2,1.195115057222525,placebo,0,0,55.8,58.4,3.343703703703704,22.6052,82.50363636363636,70.58055555555555,0,3,3
SCLRD_031,SCLRD_031_1,12,13,treatment,Baricitinib,-8.9,mRSS,5.8,1,-32.089406351629506,Baricitinib,4,1,52.2,79.1,3.343703703703704,17.8,83.17,70.58055555555555,0,13,13
SCLRD_031,SCLRD_031_1,12,13,treatment,Baricitinib,-0.5,FVC,2.4,2,-1.8027756377319946,Baricitinib,4,1,52.2,79.1,3.343703703703704,17.8,83.17,70.58055555555555,0,13,13
SCLRD_031,SCLRD_031_2,12,12,treatment,Baricitinib,-0.3,FVC,6.2,2,-1.0392304845413263,Baricitinib,2,2,52.2,79.1,3.343703703703704,17.8,83.17,70.58055555555555,0,12,12
SCLRD_031,SCLRD_031_2,12,12,treatment,Baricitinib,-3.8,mRSS,5.3,1,-13.163586137523467,Baricitinib,2,2,52.2,79.1,3.343703703703704,17.8,83.17,70.58055555555555,0,12,12
SCLRD_031,SCLRD_031_3,12,16,comparator,Baricitinib,-3.6,mRSS,4.7,1,-14.4,placebo,0,0,52.2,79.1,3.343703703703704,17.8,83.17,70.58055555555555,0,16,16
SCLRD_031,SCLRD_031_3,12,16,comparator,Baricitinib,0.2,FVC,6.9,2,0.8,placebo,0,0,52.2,79.1,3.343703703703704,17.8,83.17,70.58055555555555,0,16,16
SCLRD_032,SCLRD_032_1,24,29,treatment,Guselkumab,-9.5,mRSS,3.9850219572795327,1,-51.15906566777779,Guselkumab,"400, then 200",1,51,83.8,3.343703703703704,22.6052,82.50363636363636,70.58055555555555,29,29,29
SCLRD_032,SCLRD_032_1,24,29,treatment,Guselkumab,-4.57,DLCO,7.2053505119459667,3,-24.610203168604684,Guselkumab,"400, then 200",1,51,83.8,3.343703703703704,22.6052,82.50363636363636,70.58055555555555,29,29,29
SCLRD_032,SCLRD_032_1,24,29,treatment,Guselkumab,-0.7,FVC,6.5160494166327494,2,-3.769615364994152,Guselkumab,"400, then 200",1,51,83.8,3.343703703703704,22.6052,82.50363636363636,70.58055555555555,29,29,29
SCLRD_032,SCLRD_032_2,24,27,comparator,Guselkumab,3.1,mRSS,4.0010373654841072,1,16.10807251039056,placebo,0,0,51,83.8,3.343703703703704,22.6052,82.50363636363636,70.58055555555555,27,27,27
SCLRD_032,SCLRD_032_2,24,27,comparator,Guselkumab,-2.49,DLCO,6.9992173133858335,3,-12.938419532539514,placebo,0,0,51,83.8,3.343703703703704,22.6052,82.50363636363636,70.58055555555555,27,27,27
SCLRD_032,SCLRD_032_2,24,27,comparator,Guselkumab,-0.7,FVC,6.5471520526103566,2,-3.637306695894642,placebo,0,0,51,83.8,3.343703703703704,22.6052,82.50363636363636,70.58055555555555,27,27,27
SCLRD_033,SCLRD_033_1,12,42,treatment,Riociguat,-0.49,mRSS,-,1,-3.1755629422198517,Riociguat,0.5 - 2.5 mg,1,50.7,76,0.75,16.8,92.75,76.4,0,40,42
SCLRD_033,SCLRD_033_1,52,42,treatment,Riociguat,-0.71,mRSS,-,1,-4.60132589586958,Riociguat,0.5 - 2.5 mg,1,50.7,76,0.75,16.8,92.75,76.4,0,42,42
SCLRD_033,SCLRD_033_1,12,40,treatment,Riociguat,-1.84,FVC,NA,2,-11.637181789419637,Riociguat,0.5 - 2.5 mg,1,50.7,76,0.75,16.8,92.75,76.4,0,40,42
SCLRD_033,SCLRD_033_1,26,42,treatment,Riociguat,-0.33,mRSS,-,1,-2.138644430474594,Riociguat,0.5 - 2.5 mg,1,50.7,76,0.75,16.8,92.75,76.4,0,41,42
SCLRD_033,SCLRD_033_1,26,41,treatment,Riociguat,-2.29,FVC,NA,2,-14.663154503721223,Riociguat,0.5 - 2.5 mg,1,50.7,76,0.75,16.8,92.75,76.4,0,41,42
SCLRD_033,SCLRD_033_1,39,42,treatment,Riociguat,-0.69,mRSS,-,1,-4.471711081901423,Riociguat,0.5 - 2.5 mg,1,50.7,76,0.75,16.8,92.75,76.4,0,42,42
SCLRD_033,SCLRD_033_1,39,42,treatment,Riociguat,-2.06,FVC,NA,2,-13.350325838720194,Riociguat,0.5 - 2.5 mg,1,50.7,76,0.75,16.8,92.75,76.4,0,42,42
SCLRD_033,SCLRD_033_1,52,42,treatment,Riociguat,-2.38,FVC,7.52,2,-15.424162862210707,Riociguat,0.5 - 2.5 mg,1,50.7,76,0.75,16.8,92.75,76.4,0,42,42
SCLRD_033,SCLRD_033_2,12,45,comparator,Riociguat,-1.46,FVC,NA,2,-9.79397774144908,placebo,0,0,50.7,76,0.75,16.8,92.75,76.4,0,45,45
SCLRD_033,SCLRD_033_2,26,45,comparator,Riociguat,-1.41,mRSS,-,1,-9.45856754482411,placebo,0,0,50.7,76,0.75,16.8,92.75,76.4,0,45,45
SCLRD_033,SCLRD_033_2,26,45,comparator,Riociguat,-0.66,FVC,NA,2,-4.427414595449584,placebo,0,0,50.7,76,0.75,16.8,92.75,76.4,0,45,45
SCLRD_033,SCLRD_033_2,39,45,comparator,Riociguat,-2.71,mRSS,-,1,-18.179232657073293,placebo,0,0,50.7,76,0.75,16.8,92.75,76.4,0,45,45
SCLRD_033,SCLRD_033_2,39,45,comparator,Riociguat,-3.03,FVC,NA,2,-20.325857915473087,placebo,0,0,50.7,76,0.75,16.8,92.75,76.4,0,45,45
SCLRD_033,SCLRD_033_2,52,44,comparator,Riociguat,-2.95,FVC,9.73,2,-19.56808626309686,placebo,0,0,50.7,76,0.75,16.8,92.75,76.4,0,44,45
SCLRD_033,SCLRD_033_2,12,45,comparator,Riociguat,-1.1,mRSS,-,1,-7.379024325749307,placebo,0,0,50.7,76,0.75,16.8,92.75,76.4,0,45,45
SCLRD_033,SCLRD_033_2,52,45,comparator,Riociguat,-2.33,mRSS,-,1,-15.63011516272353,placebo,0,0,50.7,76,0.75,16.8,92.75,76.4,0,44,45
SCLRD_034,SCLRD_034_1,4,21,treatment,Ziritaxestat,-1.6,mRSS,0.4,1,-7.332121111929344,Ziritaxestat,600 mg,1,48.8,69.1,2.05,24.75,90.8,70.58055555555555,0,0,21
SCLRD_034,SCLRD_034_1,8,21,treatment,Ziritaxestat,-2.6,mRSS,0.8,1,-11.914696806885184,Ziritaxestat,600 mg,1,48.8,69.1,2.05,24.75,90.8,70.58055555555555,0,0,21
SCLRD_034,SCLRD_034_1,16,21,treatment,Ziritaxestat,-6.3,mRSS,0.8,1,-28.87022687822179,Ziritaxestat,600 mg,1,48.8,69.1,2.05,24.75,90.8,70.58055555555555,0,0,21
SCLRD_034,SCLRD_034_1,24,19,treatment,Ziritaxestat,-8.3,mRSS,1.2,1,-36.1788612313876,Ziritaxestat,600 mg,1,48.8,69.1,2.05,24.75,90.8,70.58055555555555,0,0,19
SCLRD_034,SCLRD_034_2,4,12,comparator,Ziritaxestat,-1.3,mRSS,0.7,1,-4.50333209967908,placebo,0,0,48.8,69.1,2.05,24.75,90.8,70.58055555555555,0,0,12
SCLRD_034,SCLRD_034_2,8,11,comparator,Ziritaxestat,-2.2,mRSS,1.4,1,-7.29657453878188,placebo,0,0,48.8,69.1,2.05,24.75,90.8,70.58055555555555,0,0,11
SCLRD_034,SCLRD_034_2,16,10,comparator,Ziritaxestat,-4.5,mRSS,0.9,1,-14.230249470757707,placebo,0,0,48.8,69.1,2.05,24.75,90.8,70.58055555555555,0,0,10
SCLRD_034,SCLRD_034_2,24,10,comparator,Ziritaxestat,-5.7,mRSS,1.1000000000000001,1,-18.024982662959765,placebo,0,0,48.8,69.1,2.05,24.75,90.8,70.58055555555555,0,0,10
SCLRD_035,SCLRD_035_1,8,17,comparator,Fipaxalparant,-3.57,mRSS,4.18,1,-14.719487083455048,placebo,0,0,49.7,10.5,1.67,23.75,82.50363636363636,70.58055555555555,0,0,17
SCLRD_035,SCLRD_035_2,8,15,treatment,Fipaxalparant,-2.76,mRSS,4.8499999999999996,1,-10.68943403553247,Fipaxalparant,300 mg,1,49.7,10.5,1.67,23.75,82.50363636363636,70.58055555555555,0,0,15
